ID;Reason for absence;Month of absence;Day of the week;Seasons;Transportation expense;Distance from Residence to Faculty;Study time;Age;Study load Average/day ;Hit target;Disciplinary failure;Education;Son;Social drinker;Social smoker;Pet;Weight;Height;Body mass index;Email;absenteeism per session
11;26;7;3;1;289;36;13;20;239.554;97;0;1;2;1;0;1;90;172;30;bgxxgo2a@esprit.com;4
36;0;7;3;1;118;13;18;29;239.554;97;1;1;1;1;0;0;98;178;31;nix6o1a8@esprit.com;0
3;23;7;4;1;179;51;18;23;239.554;97;0;1;0;1;0;0;89;170;31;f3y8ldr6@esprit.com;2
7;7;7;5;1;279;5;14;23;239.554;97;0;1;2;1;1;0;68;168;24;skpao4kz@esprit.com;4
11;23;7;5;1;289;36;13;20;239.554;97;0;1;2;1;0;1;90;172;30;5vgfamwc@esprit.com;2
3;23;7;6;1;179;51;18;23;239.554;97;0;1;0;1;0;0;89;170;31;9flp61t0@esprit.com;2
10;22;7;6;1;361;52;3;18;239.554;97;0;1;1;1;0;4;80;172;27;77ki532y@esprit.com;8
20;23;7;6;1;260;50;11;22;239.554;97;0;1;4;1;0;0;65;168;23;ou4uyhoz@esprit.com;4
14;19;7;2;1;155;12;14;21;239.554;97;0;1;2;1;0;0;95;196;25;3aa8d2gr@esprit.com;40
1;22;7;2;1;235;11;14;22;239.554;97;0;3;1;0;0;1;88;172;29;q15c4lmb@esprit.com;8
20;1;7;2;1;260;50;11;22;239.554;97;0;1;4;1;0;0;65;168;23;45sg6i7b@esprit.com;8
20;1;7;3;1;260;50;11;22;239.554;97;0;1;4;1;0;0;65;168;23;1l0rvwhv@esprit.com;8
20;11;7;4;1;260;50;11;22;239.554;97;0;1;4;1;0;0;65;168;23;8r5qbs2r@esprit.com;8
3;11;7;4;1;179;51;18;23;239.554;97;0;1;0;1;0;0;89;170;31;hsu9klth@esprit.com;1
3;23;7;4;1;179;51;18;23;239.554;97;0;1;0;1;0;0;89;170;31;g9dw6vqr@esprit.com;4
24;14;7;6;1;246;25;16;24;239.554;97;0;1;0;1;0;0;67;170;23;uz75mwqa@esprit.com;8
3;23;7;6;1;179;51;18;23;239.554;97;0;1;0;1;0;0;89;170;31;fvxzt7xm@esprit.com;2
3;21;7;2;1;179;51;18;23;239.554;97;0;1;0;1;0;0;89;170;31;8uhon5d5@esprit.com;8
6;11;7;5;1;189;29;13;20;239.554;97;0;1;2;0;0;2;69;167;25;tooyg372@esprit.com;8
33;23;8;4;1;248;25;14;27;205.917;92;0;1;2;0;0;1;86;165;32;5czwdnwy@esprit.com;2
18;10;8;4;1;330;16;4;18;205.917;92;0;2;0;0;0;0;84;182;25;po4rujhb@esprit.com;8
3;11;8;2;1;179;51;18;23;205.917;92;0;1;0;1;0;0;89;170;31;bqkfov7a@esprit.com;1
10;13;8;2;1;361;52;3;18;205.917;92;0;1;1;1;0;4;80;172;27;0mjq65ea@esprit.com;40
20;28;8;6;1;260;50;11;22;205.917;92;0;1;4;1;0;0;65;168;23;8kmuyw00@esprit.com;4
11;18;8;2;1;289;36;13;20;205.917;92;0;1;2;1;0;1;90;172;30;4ezkbtxw@esprit.com;8
10;25;8;2;1;361;52;3;18;205.917;92;0;1;1;1;0;4;80;172;27;qakevy1i@esprit.com;7
11;23;8;3;1;289;36;13;20;205.917;92;0;1;2;1;0;1;90;172;30;4wh0y1cp@esprit.com;1
30;28;8;4;1;157;27;6;18;205.917;92;0;1;0;1;1;0;75;185;22;255qbyz5@esprit.com;4
11;18;8;4;1;289;36;13;20;205.917;92;0;1;2;1;0;1;90;172;30;owvhmxqq@esprit.com;8
3;23;8;6;1;179;51;18;23;205.917;92;0;1;0;1;0;0;89;170;31;f2lisoqq@esprit.com;2
3;18;8;2;1;179;51;18;23;205.917;92;0;1;0;1;0;0;89;170;31;vfgv9g52@esprit.com;8
2;18;8;5;1;235;29;12;28;205.917;92;0;1;1;0;1;5;88;163;33;l5wr1yal@esprit.com;8
1;23;8;5;1;235;11;14;22;205.917;92;0;3;1;0;0;1;88;172;29;5yeiw8c3@esprit.com;4
2;18;8;2;1;235;29;12;28;205.917;92;0;1;1;0;1;5;88;163;33;r86rrzkt@esprit.com;8
3;23;8;2;1;179;51;18;23;205.917;92;0;1;0;1;0;0;89;170;31;vhzd57q1@esprit.com;2
10;23;8;2;1;361;52;3;18;205.917;92;0;1;1;1;0;4;80;172;27;b2khd9vs@esprit.com;1
11;24;8;3;1;289;36;13;20;205.917;92;0;1;2;1;0;1;90;172;30;cug36j0r@esprit.com;8
19;11;8;5;1;291;50;12;20;205.917;92;0;1;0;1;0;0;65;169;23;zqcbgb2v@esprit.com;4
2;28;8;6;1;235;29;12;28;205.917;92;0;1;1;0;1;5;88;163;33;avkmix15@esprit.com;8
20;23;8;6;1;260;50;11;22;205.917;92;0;1;4;1;0;0;65;168;23;ufcer04p@esprit.com;4
27;23;9;3;1;184;42;7;18;241.476;92;0;1;0;0;0;0;58;167;21;x937p2kv@esprit.com;2
34;23;9;2;1;118;10;10;22;241.476;92;0;1;0;0;0;0;83;172;28;1dmvdifg@esprit.com;4
3;23;9;3;1;179;51;18;23;241.476;92;0;1;0;1;0;0;89;170;31;ng9x1iu5@esprit.com;4
5;19;9;3;1;235;20;13;25;241.476;92;0;1;1;1;0;0;106;167;38;rxf19gpv@esprit.com;8
14;23;9;4;1;155;12;14;21;241.476;92;0;1;2;1;0;0;95;196;25;3hw7n8tt@esprit.com;2
34;23;9;2;1;118;10;10;22;241.476;92;0;1;0;0;0;0;83;172;28;r3616i91@esprit.com;3
3;23;9;3;1;179;51;18;23;241.476;92;0;1;0;1;0;0;89;170;31;itgcyi80@esprit.com;3
15;23;9;5;1;291;31;12;24;241.476;92;0;1;1;1;0;1;73;171;25;4pyn0mh0@esprit.com;4
20;22;9;6;1;260;50;11;22;241.476;92;0;1;4;1;0;0;65;168;23;zg3klr0g@esprit.com;8
15;14;9;2;4;291;31;12;24;241.476;92;0;1;1;1;0;1;73;171;25;d4rqnzj7@esprit.com;32
20;0;9;2;4;260;50;11;22;241.476;92;1;1;4;1;0;0;65;168;23;of240j3f@esprit.com;0
29;0;9;2;4;225;26;9;18;241.476;92;1;1;1;0;0;2;69;169;24;cf431caq@esprit.com;0
28;23;9;3;4;225;26;9;18;241.476;92;0;1;1;0;0;2;69;169;24;ljg3ipge@esprit.com;2
34;23;9;3;4;118;10;10;22;241.476;92;0;1;0;0;0;0;83;172;28;9sq03svi@esprit.com;2
11;0;9;3;4;289;36;13;20;241.476;92;1;1;2;1;0;1;90;172;30;mfsm0m7o@esprit.com;0
36;0;9;3;4;118;13;18;29;241.476;92;1;1;1;1;0;0;98;178;31;w7gr5wbx@esprit.com;0
28;18;9;4;4;225;26;9;18;241.476;92;0;1;1;0;0;2;69;169;24;1lpqphcx@esprit.com;3
3;23;9;4;4;179;51;18;23;241.476;92;0;1;0;1;0;0;89;170;31;vcgw80oz@esprit.com;3
13;0;9;4;4;369;17;12;19;241.476;92;1;1;3;1;0;0;70;169;25;fesbj6c8@esprit.com;0
33;23;9;6;4;248;25;14;27;241.476;92;0;1;2;0;0;1;86;165;32;i035sobt@esprit.com;1
3;23;9;6;4;179;51;18;23;241.476;92;0;1;0;1;0;0;89;170;31;glqinsfk@esprit.com;3
20;23;9;6;4;260;50;11;22;241.476;92;0;1;4;1;0;0;65;168;23;a9rgyolp@esprit.com;4
3;23;10;3;4;179;51;18;23;253.465;93;0;1;0;1;0;0;89;170;31;ctytkm4g@esprit.com;3
34;23;10;3;4;118;10;10;22;253.465;93;0;1;0;0;0;0;83;172;28;fbzbe318@esprit.com;3
36;0;10;4;4;118;13;18;29;253.465;93;1;1;1;1;0;0;98;178;31;31otddsy@esprit.com;0
22;23;10;5;4;179;26;9;19;253.465;93;0;3;0;0;0;0;56;171;19;k9n6o8md@esprit.com;1
3;23;10;6;4;179;51;18;23;253.465;93;0;1;0;1;0;0;89;170;31;2farue8s@esprit.com;3
28;23;10;6;4;225;26;9;18;253.465;93;0;1;1;0;0;2;69;169;24;qfa1ikn5@esprit.com;3
34;23;10;3;4;118;10;10;22;253.465;93;0;1;0;0;0;0;83;172;28;ur7xh3fi@esprit.com;3
28;23;10;4;4;225;26;9;18;253.465;93;0;1;1;0;0;2;69;169;24;yulh1mu9@esprit.com;2
33;23;10;4;4;248;25;14;27;253.465;93;0;1;2;0;0;1;86;165;32;uunkojg5@esprit.com;2
15;23;10;5;4;291;31;12;24;253.465;93;0;1;1;1;0;1;73;171;25;ff66sdit@esprit.com;5
3;23;10;4;4;179;51;18;23;253.465;93;0;1;0;1;0;0;89;170;31;oghwe262@esprit.com;8
28;23;10;4;4;225;26;9;18;253.465;93;0;1;1;0;0;2;69;169;24;p0n5whvz@esprit.com;3
20;19;10;5;4;260;50;11;22;253.465;93;0;1;4;1;0;0;65;168;23;hcb4wl35@esprit.com;16
15;14;10;3;4;291;31;12;24;253.465;93;0;1;1;1;0;1;73;171;25;dnhawkhg@esprit.com;8
28;28;10;3;4;225;26;9;18;253.465;93;0;1;1;0;0;2;69;169;24;t080ehtw@esprit.com;2
11;26;10;4;4;289;36;13;20;253.465;93;0;1;2;1;0;1;90;172;30;n6jgfynt@esprit.com;8
10;23;10;6;4;361;52;3;18;253.465;93;0;1;1;1;0;4;80;172;27;1oi7519z@esprit.com;1
20;28;10;6;4;260;50;11;22;253.465;93;0;1;4;1;0;0;65;168;23;tnumrc7v@esprit.com;3
3;23;11;5;4;179;51;18;23;306.345;93;0;1;0;1;0;0;89;170;31;5rkwo90y@esprit.com;1
28;23;11;4;4;225;26;9;18;306.345;93;0;1;1;0;0;2;69;169;24;dd85m86g@esprit.com;1
3;13;11;5;4;179;51;18;23;306.345;93;0;1;0;1;0;0;89;170;31;pgkf2pzh@esprit.com;8
17;21;11;5;4;179;22;17;24;306.345;93;0;2;2;0;1;0;63;170;22;km38veji@esprit.com;8
15;23;11;5;4;291;31;12;24;306.345;93;0;1;1;1;0;1;73;171;25;wj54shzl@esprit.com;5
14;10;11;2;4;155;12;14;21;306.345;93;0;1;2;1;0;0;95;196;25;k8alkgk7@esprit.com;32
6;22;11;2;4;189;29;13;20;306.345;93;0;1;2;0;0;2;69;167;25;tgy535on@esprit.com;8
15;14;11;2;4;291;31;12;24;306.345;93;0;1;1;1;0;1;73;171;25;mfmdbbvs@esprit.com;40
28;23;11;4;4;225;26;9;18;306.345;93;0;1;1;0;0;2;69;169;24;4jm82gry@esprit.com;1
14;6;11;6;4;155;12;14;21;306.345;93;0;1;2;1;0;0;95;196;25;nfmgfc02@esprit.com;8
28;23;11;4;4;225;26;9;18;306.345;93;0;1;1;0;0;2;69;169;24;wirf9oyb@esprit.com;3
17;21;11;4;4;179;22;17;24;306.345;93;0;2;2;0;1;0;63;170;22;509apqda@esprit.com;8
28;13;11;6;4;225;26;9;18;306.345;93;0;1;1;0;0;2;69;169;24;y3mdmqnj@esprit.com;3
20;28;11;6;4;260;50;11;22;306.345;93;0;1;4;1;0;0;65;168;23;qyajljo7@esprit.com;4
33;28;11;2;4;248;25;14;27;306.345;93;0;1;2;0;0;1;86;165;32;4tx06x4t@esprit.com;1
28;28;11;3;4;225;26;9;18;306.345;93;0;1;1;0;0;2;69;169;24;0bh933p9@esprit.com;3
11;7;11;4;4;289;36;13;20;306.345;93;0;1;2;1;0;1;90;172;30;0uh6q8z8@esprit.com;24
15;23;11;5;4;291;31;12;24;306.345;93;0;1;1;1;0;1;73;171;25;0l9h1vki@esprit.com;3
33;23;12;3;4;248;25;14;27;261.306;97;0;1;2;0;0;1;86;165;32;muz1n642@esprit.com;1
34;19;12;3;4;118;10;10;22;261.306;97;0;1;0;0;0;0;83;172;28;5hcyzirc@esprit.com;64
36;23;12;4;4;118;13;18;29;261.306;97;0;1;1;1;0;0;98;178;31;z4d20q22@esprit.com;2
1;26;12;4;4;235;11;14;22;261.306;97;0;3;1;0;0;1;88;172;29;210j6olu@esprit.com;8
28;23;12;5;4;225;26;9;18;261.306;97;0;1;1;0;0;2;69;169;24;3kjhg5zn@esprit.com;2
20;26;12;6;4;260;50;11;22;261.306;97;0;1;4;1;0;0;65;168;23;eo51slbj@esprit.com;8
34;19;12;3;4;118;10;10;22;261.306;97;0;1;0;0;0;0;83;172;28;tfnazof2@esprit.com;56
10;22;12;4;4;361;52;3;18;261.306;97;0;1;1;1;0;4;80;172;27;poshhpsn@esprit.com;8
28;28;12;5;4;225;26;9;18;261.306;97;0;1;1;0;0;2;69;169;24;knf8m51k@esprit.com;3
20;28;12;6;4;260;50;11;22;261.306;97;0;1;4;1;0;0;65;168;23;pp54qqd0@esprit.com;3
28;23;12;3;4;225;26;9;18;261.306;97;0;1;1;0;0;2;69;169;24;evg67b3l@esprit.com;2
10;22;12;4;4;361;52;3;18;261.306;97;0;1;1;1;0;4;80;172;27;xwuz2g4o@esprit.com;8
34;27;12;6;4;118;10;10;22;261.306;97;0;1;0;0;0;0;83;172;28;idruvjnk@esprit.com;2
24;19;12;6;2;246;25;16;24;261.306;97;0;1;0;1;0;0;67;170;23;f0vrnpp4@esprit.com;8
28;23;12;6;2;225;26;9;18;261.306;97;0;1;1;0;0;2;69;169;24;vbj85ghs@esprit.com;2
28;23;1;4;2;225;26;9;18;308.593;95;0;1;1;0;0;2;69;169;24;9muekod1@esprit.com;1
34;19;1;2;2;118;10;10;22;308.593;95;0;1;0;0;0;0;83;172;28;0hk0wyk9@esprit.com;1
34;27;1;3;2;118;10;10;22;308.593;95;0;1;0;0;0;0;83;172;28;56xrbw7o@esprit.com;1
14;18;1;3;2;155;12;14;21;308.593;95;0;1;2;1;0;0;95;196;25;2mm62wqu@esprit.com;8
28;27;1;4;2;225;26;9;18;308.593;95;0;1;1;0;0;2;69;169;24;mpgyzjhl@esprit.com;2
27;23;1;5;2;184;42;7;18;308.593;95;0;1;0;0;0;0;58;167;21;oar3d7wk@esprit.com;2
28;28;1;5;2;225;26;9;18;308.593;95;0;1;1;0;0;2;69;169;24;ka1c9df5@esprit.com;2
28;27;1;6;2;225;26;9;18;308.593;95;0;1;1;0;0;2;69;169;24;amqv0jnz@esprit.com;1
34;27;1;2;2;118;10;10;22;308.593;95;0;1;0;0;0;0;83;172;28;sjwzvpzb@esprit.com;2
28;27;1;3;2;225;26;9;18;308.593;95;0;1;1;0;0;2;69;169;24;879tuzoz@esprit.com;2
34;27;1;3;2;118;10;10;22;308.593;95;0;1;0;0;0;0;83;172;28;crb4j724@esprit.com;2
34;27;1;4;2;118;10;10;22;308.593;95;0;1;0;0;0;0;83;172;28;pvxlxqci@esprit.com;2
34;27;1;5;2;118;10;10;22;308.593;95;0;1;0;0;0;0;83;172;28;ncg9wozv@esprit.com;2
34;27;1;6;2;118;10;10;22;308.593;95;0;1;0;0;0;0;83;172;28;5sydhfzo@esprit.com;2
34;27;1;2;2;118;10;10;22;308.593;95;0;1;0;0;0;0;83;172;28;vyhpwhx5@esprit.com;2
34;27;1;3;2;118;10;10;22;308.593;95;0;1;0;0;0;0;83;172;28;6u5pdbok@esprit.com;2
22;18;1;3;2;179;26;9;19;308.593;95;0;3;0;0;0;0;56;171;19;vob4vg86@esprit.com;8
11;18;1;3;2;289;36;13;20;308.593;95;0;1;2;1;0;1;90;172;30;dh0bf7a5@esprit.com;8
34;27;1;4;2;118;10;10;22;308.593;95;0;1;0;0;0;0;83;172;28;sgjeecw9@esprit.com;2
27;23;1;5;2;184;42;7;18;308.593;95;0;1;0;0;0;0;58;167;21;vq856z6i@esprit.com;2
34;27;1;5;2;118;10;10;22;308.593;95;0;1;0;0;0;0;83;172;28;fkksgo38@esprit.com;2
34;27;1;2;2;118;10;10;22;308.593;95;0;1;0;0;0;0;83;172;28;njt8iums@esprit.com;0
28;23;1;3;2;225;26;9;18;308.593;95;0;1;1;0;0;2;69;169;24;1na7te4r@esprit.com;1
11;22;1;5;2;289;36;13;20;308.593;95;0;1;2;1;0;1;90;172;30;p5pcvyd7@esprit.com;3
27;23;2;6;2;184;42;7;18;302.585;99;0;1;0;0;0;0;58;167;21;b5tsf3v9@esprit.com;1
24;1;2;4;2;246;25;16;24;302.585;99;0;1;0;1;0;0;67;170;23;c8pgsaf1@esprit.com;8
3;11;2;4;2;179;51;18;23;302.585;99;0;1;0;1;0;0;89;170;31;rbwq2mnb@esprit.com;8
14;28;2;5;2;155;12;14;21;302.585;99;0;1;2;1;0;0;95;196;25;4w6slnxc@esprit.com;2
6;23;2;5;2;189;29;13;20;302.585;99;0;1;2;0;0;2;69;167;25;kx8xttc0@esprit.com;8
20;28;2;6;2;260;50;11;22;302.585;99;0;1;4;1;0;0;65;168;23;5dz79zza@esprit.com;2
11;22;2;6;2;289;36;13;20;302.585;99;0;1;2;1;0;1;90;172;30;fi8em6zj@esprit.com;8
31;11;2;2;2;388;15;9;29;302.585;99;0;1;0;0;0;0;76;178;24;v0ffchiq@esprit.com;8
31;1;2;3;2;388;15;9;29;302.585;99;0;1;0;0;0;0;76;178;24;vc15fada@esprit.com;8
28;28;2;2;2;225;26;9;18;302.585;99;0;1;1;0;0;2;69;169;24;tkupj2ei@esprit.com;2
28;23;2;3;2;225;26;9;18;302.585;99;0;1;1;0;0;2;69;169;24;h6wat6tb@esprit.com;2
22;23;2;3;2;179;26;9;19;302.585;99;0;3;0;0;0;0;56;171;19;3846a5xx@esprit.com;1
27;23;2;3;2;184;42;7;18;302.585;99;0;1;0;0;0;0;58;167;21;9n069xnh@esprit.com;8
28;25;2;5;2;225;26;9;18;302.585;99;0;1;1;0;0;2;69;169;24;nifoqdfa@esprit.com;3
18;18;2;2;2;330;16;4;18;302.585;99;0;2;0;0;0;0;84;182;25;ifo30hfr@esprit.com;8
18;23;2;3;2;330;16;4;18;302.585;99;0;2;0;0;0;0;84;182;25;z70v5186@esprit.com;1
28;23;2;4;2;225;26;9;18;302.585;99;0;1;1;0;0;2;69;169;24;6liv71zr@esprit.com;1
6;19;2;5;2;189;29;13;20;302.585;99;0;1;2;0;0;2;69;167;25;9emg4sgv@esprit.com;8
19;28;3;3;2;291;50;12;20;343.253;95;0;1;0;1;0;0;65;169;23;jski421q@esprit.com;2
20;19;3;3;2;260;50;11;22;343.253;95;0;1;4;1;0;0;65;168;23;8lvl0bek@esprit.com;8
30;19;3;3;2;157;27;6;18;343.253;95;0;1;0;1;1;0;75;185;22;eu59hthf@esprit.com;3
17;17;3;3;2;179;22;17;24;343.253;95;0;2;2;0;1;0;63;170;22;dh1zh7yr@esprit.com;8
15;22;3;4;2;291;31;12;24;343.253;95;0;1;1;1;0;1;73;171;25;labyyspn@esprit.com;8
20;13;3;4;2;260;50;11;22;343.253;95;0;1;4;1;0;0;65;168;23;41o28jpp@esprit.com;8
22;13;3;5;2;179;26;9;19;343.253;95;0;3;0;0;0;0;56;171;19;uqseh9l5@esprit.com;8
33;14;3;6;2;248;25;14;27;343.253;95;0;1;2;0;0;1;86;165;32;a3plx8se@esprit.com;3
20;13;3;6;2;260;50;11;22;343.253;95;0;1;4;1;0;0;65;168;23;mkj63eto@esprit.com;40
17;11;3;2;2;179;22;17;24;343.253;95;0;2;2;0;1;0;63;170;22;2jvapri7@esprit.com;40
14;1;3;2;2;155;12;14;21;343.253;95;0;1;2;1;0;0;95;196;25;pyoswn1h@esprit.com;16
20;26;3;2;2;260;50;11;22;343.253;95;0;1;4;1;0;0;65;168;23;itf5arn1@esprit.com;16
14;13;3;3;2;155;12;14;21;343.253;95;0;1;2;1;0;0;95;196;25;myicrtbs@esprit.com;8
11;6;3;5;2;289;36;13;20;343.253;95;0;1;2;1;0;1;90;172;30;14t9w5ce@esprit.com;8
17;8;3;5;2;179;22;17;24;343.253;95;0;2;2;0;1;0;63;170;22;qluvmz8s@esprit.com;8
20;28;3;6;2;260;50;11;22;343.253;95;0;1;4;1;0;0;65;168;23;0jjeurnq@esprit.com;4
28;23;3;6;2;225;26;9;18;343.253;95;0;1;1;0;0;2;69;169;24;it5rytsz@esprit.com;1
7;14;3;2;2;279;5;14;23;343.253;95;0;1;2;1;1;0;68;168;24;i4xfwobe@esprit.com;8
3;13;3;3;2;179;51;18;23;343.253;95;0;1;0;1;0;0;89;170;31;5477newc@esprit.com;24
28;23;3;4;2;225;26;9;18;343.253;95;0;1;1;0;0;2;69;169;24;v4rr1ryl@esprit.com;2
28;11;3;2;3;225;26;9;18;343.253;95;0;1;1;0;0;2;69;169;24;3mumy513@esprit.com;8
22;13;3;2;3;179;26;9;19;343.253;95;0;3;0;0;0;0;56;171;19;tr7xtfr9@esprit.com;1
28;11;3;3;3;225;26;9;18;343.253;95;0;1;1;0;0;2;69;169;24;bpy3a07m@esprit.com;8
28;11;3;4;3;225;26;9;18;343.253;95;0;1;1;0;0;2;69;169;24;qpjqa9yc@esprit.com;16
3;13;3;4;3;179;51;18;23;343.253;95;0;1;0;1;0;0;89;170;31;xkdvw0d1@esprit.com;3
7;14;3;5;3;279;5;14;23;343.253;95;0;1;2;1;1;0;68;168;24;36eyakx4@esprit.com;16
28;28;3;6;3;225;26;9;18;343.253;95;0;1;1;0;0;2;69;169;24;yw52e2gs@esprit.com;2
33;14;3;6;3;248;25;14;27;343.253;95;0;1;2;0;0;1;86;165;32;8xm4bt1m@esprit.com;3
28;28;3;2;3;225;26;9;18;343.253;95;0;1;1;0;0;2;69;169;24;6ligiwbm@esprit.com;1
15;28;4;4;3;291;31;12;24;326.452;96;0;1;1;1;0;1;73;171;25;j849ow8v@esprit.com;1
28;23;4;4;3;225;26;9;18;326.452;96;0;1;1;0;0;2;69;169;24;zt8jxr5n@esprit.com;1
14;28;4;3;3;155;12;14;21;326.452;96;0;1;2;1;0;0;95;196;25;tighl98v@esprit.com;1
24;13;4;4;3;246;25;16;24;326.452;96;0;1;0;1;0;0;67;170;23;2070uk2h@esprit.com;24
14;23;4;5;3;155;12;14;21;326.452;96;0;1;2;1;0;0;95;196;25;hmzsxzvc@esprit.com;1
28;28;4;6;3;225;26;9;18;326.452;96;0;1;1;0;0;2;69;169;24;4e2qrqd2@esprit.com;2
20;28;4;6;3;260;50;11;22;326.452;96;0;1;4;1;0;0;65;168;23;pv1tkfes@esprit.com;4
3;13;4;4;3;179;51;18;23;326.452;96;0;1;0;1;0;0;89;170;31;8iv18vt2@esprit.com;24
36;23;4;5;3;118;13;18;29;326.452;96;0;1;1;1;0;0;98;178;31;clvug31p@esprit.com;1
15;23;4;6;3;291;31;12;24;326.452;96;0;1;1;1;0;1;73;171;25;qu42d8l1@esprit.com;3
24;14;4;6;3;246;25;16;24;326.452;96;0;1;0;1;0;0;67;170;23;zvnwl8aa@esprit.com;8
15;28;4;6;3;291;31;12;24;326.452;96;0;1;1;1;0;1;73;171;25;nqicfx5j@esprit.com;1
33;28;4;6;3;248;25;14;27;326.452;96;0;1;2;0;0;1;86;165;32;2she9xq9@esprit.com;8
20;19;4;6;3;260;50;11;22;326.452;96;0;1;4;1;0;0;65;168;23;7ej2gckq@esprit.com;56
11;19;4;3;3;289;36;13;20;326.452;96;0;1;2;1;0;1;90;172;30;53rvzosf@esprit.com;8
14;12;4;4;3;155;12;14;21;326.452;96;0;1;2;1;0;0;95;196;25;pbh7cuex@esprit.com;24
23;19;4;4;3;378;49;11;22;326.452;96;0;1;2;0;1;4;65;174;21;0cajnaqf@esprit.com;8
11;13;4;5;3;289;36;13;20;326.452;96;0;1;2;1;0;1;90;172;30;vc3deff5@esprit.com;16
1;7;4;6;3;235;11;14;22;326.452;96;0;3;1;0;0;1;88;172;29;gzbwqm3h@esprit.com;3
2;0;4;2;3;235;29;12;28;326.452;96;1;1;1;0;1;5;88;163;33;4629riyw@esprit.com;0
11;13;5;4;3;289;36;13;20;378.884;92;0;1;2;1;0;1;90;172;30;enpmhbax@esprit.com;8
14;28;5;5;3;155;12;14;21;378.884;92;0;1;2;1;0;0;95;196;25;8wmveftb@esprit.com;2
14;28;5;2;3;155;12;14;21;378.884;92;0;1;2;1;0;0;95;196;25;kr8oj6mr@esprit.com;1
3;18;5;3;3;179;51;18;23;378.884;92;0;1;0;1;0;0;89;170;31;ql5zw19y@esprit.com;8
28;19;5;3;3;225;26;9;18;378.884;92;0;1;1;0;0;2;69;169;24;rp1ix2mi@esprit.com;8
27;7;5;4;3;184;42;7;18;378.884;92;0;1;0;0;0;0;58;167;21;19wois4s@esprit.com;4
14;28;5;2;3;155;12;14;21;378.884;92;0;1;2;1;0;0;95;196;25;twlz7unj@esprit.com;2
3;12;5;3;3;179;51;18;23;378.884;92;0;1;0;1;0;0;89;170;31;6nxgp32s@esprit.com;1
11;13;5;4;3;289;36;13;20;378.884;92;0;1;2;1;0;1;90;172;30;7eazylfp@esprit.com;24
7;0;5;4;3;279;5;14;23;378.884;92;1;1;2;1;1;0;68;168;24;jei6j9b0@esprit.com;0
18;0;5;4;3;330;16;4;18;378.884;92;1;2;0;0;0;0;84;182;25;6tj89uhx@esprit.com;0
23;0;5;4;3;378;49;11;22;378.884;92;1;1;2;0;1;4;65;174;21;vxz1rp39@esprit.com;0
31;0;5;4;3;388;15;9;29;378.884;92;1;1;0;0;0;0;76;178;24;2wahu489@esprit.com;0
3;11;5;3;3;179;51;18;23;378.884;92;0;1;0;1;0;0;89;170;31;7hs27wyf@esprit.com;1
36;13;5;4;3;118;13;18;29;378.884;92;0;1;1;1;0;0;98;178;31;kni3ugb2@esprit.com;24
10;22;5;6;3;361;52;3;18;378.884;92;0;1;1;1;0;4;80;172;27;2i21g0el@esprit.com;8
24;19;6;2;3;246;25;16;24;377.55;94;0;1;0;1;0;0;67;170;23;czcb6aa4@esprit.com;8
10;22;6;2;3;361;52;3;18;377.55;94;0;1;1;1;0;4;80;172;27;bshft7mj@esprit.com;8
24;10;6;3;3;246;25;16;24;377.55;94;0;1;0;1;0;0;67;170;23;71gjnarb@esprit.com;24
15;23;6;5;3;291;31;12;24;377.55;94;0;1;1;1;0;1;73;171;25;higwl8rz@esprit.com;4
24;10;6;6;3;246;25;16;24;377.55;94;0;1;0;1;0;0;67;170;23;vsamm6w2@esprit.com;8
3;11;6;2;3;179;51;18;23;377.55;94;0;1;0;1;0;0;89;170;31;2ywdbth1@esprit.com;8
14;23;6;2;3;155;12;14;21;377.55;94;0;1;2;1;0;0;95;196;25;z9jsrggm@esprit.com;4
24;10;6;2;3;246;25;16;24;377.55;94;0;1;0;1;0;0;67;170;23;a4b9oevu@esprit.com;8
36;13;6;4;3;118;13;18;29;377.55;94;0;1;1;1;0;0;98;178;31;p03z2fyr@esprit.com;8
1;13;6;6;3;235;11;14;22;377.55;94;0;3;1;0;0;1;88;172;29;zkhxikne@esprit.com;16
36;23;6;3;3;118;13;18;29;377.55;94;0;1;1;1;0;0;98;178;31;p1na2slc@esprit.com;1
36;13;6;4;3;118;13;18;29;377.55;94;0;1;1;1;0;0;98;178;31;q4l3qew0@esprit.com;80
23;22;6;5;3;378;49;11;22;377.55;94;0;1;2;0;1;4;65;174;21;fa257mzs@esprit.com;8
3;11;6;6;3;179;51;18;23;377.55;94;0;1;0;1;0;0;89;170;31;uof2mc1h@esprit.com;2
32;28;6;2;1;289;48;29;28;377.55;94;0;1;0;0;0;2;108;172;36;l9bd2ebt@esprit.com;2
28;28;6;5;1;225;26;9;18;377.55;94;0;1;1;0;0;2;69;169;24;tsw72pj6@esprit.com;2
14;19;7;3;1;155;12;14;21;275.312;98;0;1;2;1;0;0;95;196;25;45hielp6@esprit.com;16
36;1;7;4;1;118;13;18;29;275.312;98;0;1;1;1;0;0;98;178;31;y26g0yhi@esprit.com;8
34;5;7;6;1;118;10;10;22;275.312;98;0;1;0;0;0;0;83;172;28;jzmkwaie@esprit.com;8
34;26;7;6;1;118;10;10;22;275.312;98;0;1;0;0;0;0;83;172;28;b16aoflh@esprit.com;4
18;26;7;3;1;330;16;4;18;275.312;98;0;2;0;0;0;0;84;182;25;ofirwqf8@esprit.com;8
22;18;7;5;1;179;26;9;19;275.312;98;0;3;0;0;0;0;56;171;19;u6wqnhq7@esprit.com;8
14;25;7;6;1;155;12;14;21;275.312;98;0;1;2;1;0;0;95;196;25;g25vqs20@esprit.com;2
18;1;7;2;1;330;16;4;18;275.312;98;0;2;0;0;0;0;84;182;25;e31agjuo@esprit.com;8
18;1;7;3;1;330;16;4;18;275.312;98;0;2;0;0;0;0;84;182;25;6ybuxbkt@esprit.com;8
30;25;7;2;1;157;27;6;18;275.312;98;0;1;0;1;1;0;75;185;22;klmcfv44@esprit.com;3
10;22;7;3;1;361;52;3;18;275.312;98;0;1;1;1;0;4;80;172;27;m1rc82qz@esprit.com;8
11;26;7;4;1;289;36;13;20;275.312;98;0;1;2;1;0;1;90;172;30;jm0xo6gx@esprit.com;8
3;26;7;5;1;179;51;18;23;275.312;98;0;1;0;1;0;0;89;170;31;hwkl94rn@esprit.com;8
11;19;7;2;1;289;36;13;20;275.312;98;0;1;2;1;0;1;90;172;30;xih4rjij@esprit.com;32
11;19;7;5;1;289;36;13;20;275.312;98;0;1;2;1;0;1;90;172;30;8lips5se@esprit.com;8
20;0;7;5;1;260;50;11;22;275.312;98;1;1;4;1;0;0;65;168;23;puf40oc5@esprit.com;0
11;19;8;6;1;289;36;13;20;265.615;94;0;1;2;1;0;1;90;172;30;zc6tdv8c@esprit.com;8
30;19;8;6;1;157;27;6;18;265.615;94;0;1;0;1;1;0;75;185;22;90znf6xb@esprit.com;3
11;23;8;2;1;289;36;13;20;265.615;94;0;1;2;1;0;1;90;172;30;gtc7so11@esprit.com;1
9;18;8;3;1;228;14;16;33;265.615;94;0;1;2;0;0;1;65;172;22;f05e14bm@esprit.com;8
26;13;8;5;1;300;26;13;25;265.615;94;0;1;2;1;1;1;77;175;25;6yx2gwem@esprit.com;1
26;14;8;5;1;300;26;13;25;265.615;94;0;1;2;1;1;1;77;175;25;e2v5k6hu@esprit.com;2
20;28;8;6;1;260;50;11;22;265.615;94;0;1;4;1;0;0;65;168;23;r8cbcb9m@esprit.com;4
11;23;8;3;1;289;36;13;20;265.615;94;0;1;2;1;0;1;90;172;30;l6pcfsw5@esprit.com;4
33;23;8;4;1;248;25;14;27;265.615;94;0;1;2;0;0;1;86;165;32;wck14y4g@esprit.com;1
21;11;8;5;1;268;11;8;20;265.615;94;0;2;0;0;0;0;79;178;25;kxd1s6q8@esprit.com;8
22;23;8;5;1;179;26;9;19;265.615;94;0;3;0;0;0;0;56;171;19;e1ynmpwr@esprit.com;1
36;13;8;5;1;118;13;18;29;265.615;94;0;1;1;1;0;0;98;178;31;4tc2k6m9@esprit.com;3
33;25;8;2;1;248;25;14;27;265.615;94;0;1;2;0;0;1;86;165;32;ygv5c0gh@esprit.com;2
1;23;8;3;1;235;11;14;22;265.615;94;0;3;1;0;0;1;88;172;29;uk034v1i@esprit.com;1
36;23;8;5;1;118;13;18;29;265.615;94;0;1;1;1;0;0;98;178;31;r1nz5bec@esprit.com;1
1;19;8;5;1;235;11;14;22;265.615;94;0;3;1;0;0;1;88;172;29;u2x7jw5b@esprit.com;8
10;8;8;3;1;361;52;3;18;265.615;94;0;1;1;1;0;4;80;172;27;u3xynaxl@esprit.com;8
27;6;8;4;1;184;42;7;18;265.615;94;0;1;0;0;0;0;58;167;21;mptzb27q@esprit.com;8
3;11;9;2;1;179;51;18;23;294.217;81;0;1;0;1;0;0;89;170;31;t4liyb6w@esprit.com;8
3;23;9;6;1;179;51;18;23;294.217;81;0;1;0;1;0;0;89;170;31;p7rhl548@esprit.com;3
11;19;9;4;1;289;36;13;20;294.217;81;0;1;2;1;0;1;90;172;30;yflx8e4i@esprit.com;24
5;0;9;5;1;235;20;13;25;294.217;81;1;1;1;1;0;0;106;167;38;2f57mg1p@esprit.com;0
24;9;9;2;1;246;25;16;24;294.217;81;0;1;0;1;0;0;67;170;23;mbyrzlw4@esprit.com;16
15;28;9;3;1;291;31;12;24;294.217;81;0;1;1;1;0;1;73;171;25;h7xe98yc@esprit.com;3
8;0;9;3;1;231;35;14;23;294.217;81;1;1;2;1;0;2;100;170;35;vh8uzqma@esprit.com;0
19;0;9;3;1;291;50;12;20;294.217;81;1;1;0;1;0;0;65;169;23;fzls8zbs@esprit.com;0
3;13;9;4;1;179;51;18;23;294.217;81;0;1;0;1;0;0;89;170;31;7npizhw3@esprit.com;8
24;9;9;4;1;246;25;16;24;294.217;81;0;1;0;1;0;0;67;170;23;x5ib7imp@esprit.com;32
3;23;9;5;1;179;51;18;23;294.217;81;0;1;0;1;0;0;89;170;31;q1mh08rs@esprit.com;1
15;28;9;6;1;291;31;12;24;294.217;81;0;1;1;1;0;1;73;171;25;ujy3l07t@esprit.com;4
20;28;9;6;1;260;50;11;22;294.217;81;0;1;4;1;0;0;65;168;23;0fkhmebb@esprit.com;4
5;26;9;4;4;235;20;13;25;294.217;81;0;1;1;1;0;0;106;167;38;cftfks72@esprit.com;8
36;28;9;5;4;118;13;18;29;294.217;81;0;1;1;1;0;0;98;178;31;giap4uqp@esprit.com;1
5;0;9;5;4;235;20;13;25;294.217;81;1;1;1;1;0;0;106;167;38;qmdox4h7@esprit.com;0
15;28;9;6;4;291;31;12;24;294.217;81;0;1;1;1;0;1;73;171;25;jkdz3d47@esprit.com;3
15;7;9;2;4;291;31;12;24;294.217;81;0;1;1;1;0;1;73;171;25;evbrpbnd@esprit.com;40
3;13;9;2;4;179;51;18;23;294.217;81;0;1;0;1;0;0;89;170;31;zwuw8rwg@esprit.com;8
11;24;10;2;4;289;36;13;20;265.017;88;0;1;2;1;0;1;90;172;30;u4tyz8xi@esprit.com;8
1;26;10;2;4;235;11;14;22;265.017;88;0;3;1;0;0;1;88;172;29;1jeqxndv@esprit.com;4
11;26;10;2;4;289;36;13;20;265.017;88;0;1;2;1;0;1;90;172;30;oilyv84x@esprit.com;8
11;22;10;6;4;289;36;13;20;265.017;88;0;1;2;1;0;1;90;172;30;4b68fc2u@esprit.com;8
36;0;10;6;4;118;13;18;29;265.017;88;1;1;1;1;0;0;98;178;31;mtf67jk3@esprit.com;0
33;0;10;6;4;248;25;14;27;265.017;88;1;1;2;0;0;1;86;165;32;fdbqox46@esprit.com;0
22;1;10;2;4;179;26;9;19;265.017;88;0;3;0;0;0;0;56;171;19;xo8338uv@esprit.com;8
34;7;10;2;4;118;10;10;22;265.017;88;0;1;0;0;0;0;83;172;28;f4ejpda7@esprit.com;3
13;22;10;2;4;369;17;12;19;265.017;88;0;1;3;1;0;0;70;169;25;u9tvt17m@esprit.com;8
3;28;10;4;4;179;51;18;23;265.017;88;0;1;0;1;0;0;89;170;31;e7gf3h2x@esprit.com;1
22;1;10;4;4;179;26;9;19;265.017;88;0;3;0;0;0;0;56;171;19;zv96shxh@esprit.com;64
5;0;10;4;4;235;20;13;25;265.017;88;1;1;1;1;0;0;106;167;38;awilv3ym@esprit.com;0
11;19;10;5;4;289;36;13;20;265.017;88;0;1;2;1;0;1;90;172;30;0c14qwgq@esprit.com;16
20;28;10;6;4;260;50;11;22;265.017;88;0;1;4;1;0;0;65;168;23;cdxcwrg9@esprit.com;3
5;0;10;6;4;235;20;13;25;265.017;88;1;1;1;1;0;0;106;167;38;57qsqbkl@esprit.com;0
5;23;10;2;4;235;20;13;25;265.017;88;0;1;1;1;0;0;106;167;38;v36i2yiy@esprit.com;2
5;23;10;2;4;235;20;13;25;265.017;88;0;1;1;1;0;0;106;167;38;yxc3rjdz@esprit.com;2
36;28;10;3;4;118;13;18;29;265.017;88;0;1;1;1;0;0;98;178;31;fcmimezm@esprit.com;1
15;28;10;3;4;291;31;12;24;265.017;88;0;1;1;1;0;1;73;171;25;52a5ov0k@esprit.com;4
22;23;10;5;4;179;26;9;19;265.017;88;0;3;0;0;0;0;56;171;19;v9v5w6z1@esprit.com;16
36;28;10;5;4;118;13;18;29;265.017;88;0;1;1;1;0;0;98;178;31;akcdfu3g@esprit.com;1
10;10;10;2;4;361;52;3;18;265.017;88;0;1;1;1;0;4;80;172;27;5lsncaqg@esprit.com;8
20;0;10;3;4;260;50;11;22;265.017;88;1;1;4;1;0;0;65;168;23;xyd5gv7y@esprit.com;0
15;0;10;3;4;291;31;12;24;265.017;88;1;1;1;1;0;1;73;171;25;chc98q9u@esprit.com;0
30;0;10;3;4;157;27;6;18;265.017;88;1;1;0;1;1;0;75;185;22;mlm7ac71@esprit.com;0
22;1;10;4;4;179;26;9;19;265.017;88;0;3;0;0;0;0;56;171;19;61rgp26f@esprit.com;5
22;7;10;4;4;179;26;9;19;265.017;88;0;3;0;0;0;0;56;171;19;9eir067y@esprit.com;5
36;23;10;5;4;118;13;18;29;265.017;88;0;1;1;1;0;0;98;178;31;60dvnbt0@esprit.com;1
34;11;11;2;4;118;10;10;22;284.031;97;0;1;0;0;0;0;83;172;28;uq5iewpk@esprit.com;8
33;23;11;2;4;248;25;14;27;284.031;97;0;1;2;0;0;1;86;165;32;fgpavj83@esprit.com;2
3;6;11;3;4;179;51;18;23;284.031;97;0;1;0;1;0;0;89;170;31;oifz7ycm@esprit.com;8
20;28;11;6;4;260;50;11;22;284.031;97;0;1;4;1;0;0;65;168;23;qp5dx89h@esprit.com;3
15;23;11;2;4;291;31;12;24;284.031;97;0;1;1;1;0;1;73;171;25;tqbzjs1d@esprit.com;1
23;1;11;2;4;378;49;11;22;284.031;97;0;1;2;0;1;4;65;174;21;738feh1j@esprit.com;8
14;11;11;2;4;155;12;14;21;284.031;97;0;1;2;1;0;0;95;196;25;cqkajq5m@esprit.com;120
5;26;11;2;4;235;20;13;25;284.031;97;0;1;1;1;0;0;106;167;38;ye2hblpi@esprit.com;8
18;0;11;3;4;330;16;4;18;284.031;97;1;2;0;0;0;0;84;182;25;pbkg2udw@esprit.com;0
1;18;11;4;4;235;11;14;22;284.031;97;0;3;1;0;0;1;88;172;29;12popogd@esprit.com;1
34;11;11;4;4;118;10;10;22;284.031;97;0;1;0;0;0;0;83;172;28;vt7pkf7b@esprit.com;3
1;25;11;5;4;235;11;14;22;284.031;97;0;3;1;0;0;1;88;172;29;2jfowadj@esprit.com;2
3;28;11;5;4;179;51;18;23;284.031;97;0;1;0;1;0;0;89;170;31;rsi6iss2@esprit.com;3
24;13;11;6;4;246;25;16;24;284.031;97;0;1;0;1;0;0;67;170;23;vmv3yp4s@esprit.com;8
15;12;11;6;4;291;31;12;24;284.031;97;0;1;1;1;0;1;73;171;25;057k699n@esprit.com;4
24;13;11;2;4;246;25;16;24;284.031;97;0;1;0;1;0;0;67;170;23;r5lhq877@esprit.com;8
3;28;11;3;4;179;51;18;23;284.031;97;0;1;0;1;0;0;89;170;31;tbi07xjt@esprit.com;1
20;10;11;4;4;260;50;11;22;284.031;97;0;1;4;1;0;0;65;168;23;1hghgb68@esprit.com;8
20;15;11;6;4;260;50;11;22;284.031;97;0;1;4;1;0;0;65;168;23;bl3ov3xj@esprit.com;8
23;0;11;6;4;378;49;11;22;284.031;97;1;1;2;0;1;4;65;174;21;jylwqg6k@esprit.com;0
7;0;11;3;4;279;5;14;23;284.031;97;1;1;2;1;1;0;68;168;24;s96cj4js@esprit.com;0
3;23;11;5;4;179;51;18;23;284.031;97;0;1;0;1;0;0;89;170;31;hg8cyy24@esprit.com;1
28;12;12;2;4;225;26;9;18;236.629;93;0;1;1;0;0;2;69;169;24;nh9k5dxf@esprit.com;3
3;28;12;2;4;179;51;18;23;236.629;93;0;1;0;1;0;0;89;170;31;9qag6qwa@esprit.com;2
3;28;12;2;4;179;51;18;23;236.629;93;0;1;0;1;0;0;89;170;31;un1lqu3k@esprit.com;1
1;23;12;2;4;235;11;14;22;236.629;93;0;3;1;0;0;1;88;172;29;w0c29jxy@esprit.com;3
36;28;12;3;4;118;13;18;29;236.629;93;0;1;1;1;0;0;98;178;31;gno780bl@esprit.com;1
20;28;12;6;4;260;50;11;22;236.629;93;0;1;4;1;0;0;65;168;23;a58hrg70@esprit.com;4
24;4;12;5;4;246;25;16;24;236.629;93;0;1;0;1;0;0;67;170;23;6754ibep@esprit.com;8
3;28;12;5;4;179;51;18;23;236.629;93;0;1;0;1;0;0;89;170;31;ct1f5o1s@esprit.com;1
3;28;12;6;4;179;51;18;23;236.629;93;0;1;0;1;0;0;89;170;31;tixp481a@esprit.com;1
22;23;12;3;4;179;26;9;19;236.629;93;0;3;0;0;0;0;56;171;19;2cvak84a@esprit.com;1
34;25;12;3;4;118;10;10;22;236.629;93;0;1;0;0;0;0;83;172;28;z93wo8pe@esprit.com;8
1;25;12;5;4;235;11;14;22;236.629;93;0;3;1;0;0;1;88;172;29;cwcinvki@esprit.com;2
3;28;12;6;4;179;51;18;23;236.629;93;0;1;0;1;0;0;89;170;31;cyptzkl8@esprit.com;1
5;13;12;3;2;235;20;13;25;236.629;93;0;1;1;1;0;0;106;167;38;uvq0k4vk@esprit.com;8
1;14;12;3;2;235;11;14;22;236.629;93;0;3;1;0;0;1;88;172;29;7vmltk6e@esprit.com;4
20;26;12;4;2;260;50;11;22;236.629;93;0;1;4;1;0;0;65;168;23;8y5xn4it@esprit.com;8
30;28;12;2;2;157;27;6;18;236.629;93;0;1;0;1;1;0;75;185;22;kgldf1jc@esprit.com;2
3;28;12;2;2;179;51;18;23;236.629;93;0;1;0;1;0;0;89;170;31;asacvd37@esprit.com;3
11;19;12;2;2;289;36;13;20;236.629;93;0;1;2;1;0;1;90;172;30;pjdr2da5@esprit.com;8
28;23;1;4;2;225;26;9;18;330.061;100;0;1;1;0;0;2;69;169;24;bryq1wux@esprit.com;5
34;19;1;2;2;118;10;10;22;330.061;100;0;1;0;0;0;0;83;172;28;i8o1s41j@esprit.com;32
14;23;1;2;2;155;12;14;21;330.061;100;0;1;2;1;0;0;95;196;25;4a9xseob@esprit.com;2
1;13;1;3;2;235;11;14;22;330.061;100;0;3;1;0;0;1;88;172;29;9d9d58zq@esprit.com;1
14;23;1;3;2;155;12;14;21;330.061;100;0;1;2;1;0;0;95;196;25;rjhn2vea@esprit.com;4
11;26;1;2;2;289;36;13;20;330.061;100;0;1;2;1;0;1;90;172;30;kaf92zvc@esprit.com;8
15;3;1;4;2;291;31;12;24;330.061;100;0;1;1;1;0;1;73;171;25;6305a75m@esprit.com;8
5;26;1;2;2;235;20;13;25;330.061;100;0;1;1;1;0;0;106;167;38;pw4b5je3@esprit.com;8
36;26;1;2;2;118;13;18;29;330.061;100;0;1;1;1;0;0;98;178;31;gm06micr@esprit.com;4
3;28;1;4;2;179;51;18;23;330.061;100;0;1;0;1;0;0;89;170;31;jbb86nhm@esprit.com;1
3;28;1;6;2;179;51;18;23;330.061;100;0;1;0;1;0;0;89;170;31;gouaim1c@esprit.com;1
34;28;2;3;2;118;10;10;22;251.818;96;0;1;0;0;0;0;83;172;28;kd6qzguf@esprit.com;2
3;27;2;4;2;179;51;18;23;251.818;96;0;1;0;1;0;0;89;170;31;yxno8l1j@esprit.com;3
28;7;2;4;2;225;26;9;18;251.818;96;0;1;1;0;0;2;69;169;24;b6pesalz@esprit.com;1
11;22;2;6;2;289;36;13;20;251.818;96;0;1;2;1;0;1;90;172;30;zqxxf32g@esprit.com;3
20;28;2;6;2;260;50;11;22;251.818;96;0;1;4;1;0;0;65;168;23;mjqwp8ll@esprit.com;3
3;23;2;6;2;179;51;18;23;251.818;96;0;1;0;1;0;0;89;170;31;w15t4qx1@esprit.com;3
3;27;2;2;2;179;51;18;23;251.818;96;0;1;0;1;0;0;89;170;31;1buxhj8w@esprit.com;2
3;27;2;4;2;179;51;18;23;251.818;96;0;1;0;1;0;0;89;170;31;31j1h7yh@esprit.com;3
3;10;2;5;2;179;51;18;23;251.818;96;0;1;0;1;0;0;89;170;31;2k00cj9c@esprit.com;8
24;26;2;5;2;246;25;16;24;251.818;96;0;1;0;1;0;0;67;170;23;bgeiusew@esprit.com;8
3;27;2;6;2;179;51;18;23;251.818;96;0;1;0;1;0;0;89;170;31;gd6vf08g@esprit.com;3
6;22;2;2;2;189;29;13;20;251.818;96;0;1;2;0;0;2;69;167;25;60exrt63@esprit.com;8
3;27;2;2;2;179;51;18;23;251.818;96;0;1;0;1;0;0;89;170;31;h5wuie8g@esprit.com;3
24;23;2;3;2;246;25;16;24;251.818;96;0;1;0;1;0;0;67;170;23;4y231jsl@esprit.com;2
15;23;2;3;2;291;31;12;24;251.818;96;0;1;1;1;0;1;73;171;25;aosp5jz8@esprit.com;2
30;11;2;4;2;157;27;6;18;251.818;96;0;1;0;1;1;0;75;185;22;xw2imfyb@esprit.com;16
3;27;2;4;2;179;51;18;23;251.818;96;0;1;0;1;0;0;89;170;31;bjl659lj@esprit.com;3
3;27;2;6;2;179;51;18;23;251.818;96;0;1;0;1;0;0;89;170;31;nadb3afs@esprit.com;3
24;10;2;6;2;246;25;16;24;251.818;96;0;1;0;1;0;0;67;170;23;0kto6r71@esprit.com;24
3;27;2;4;2;179;51;18;23;251.818;96;0;1;0;1;0;0;89;170;31;bt405rg3@esprit.com;3
3;27;2;6;2;179;51;18;23;251.818;96;0;1;0;1;0;0;89;170;31;nw8vbz51@esprit.com;3
34;18;3;3;2;118;10;10;22;244.387;98;0;1;0;0;0;0;83;172;28;hh9p92nb@esprit.com;8
24;19;3;4;2;246;25;16;24;244.387;98;0;1;0;1;0;0;67;170;23;u9iu6o8g@esprit.com;16
24;28;3;6;2;246;25;16;24;244.387;98;0;1;0;1;0;0;67;170;23;yo5qps6z@esprit.com;2
20;28;3;6;2;260;50;11;22;244.387;98;0;1;4;1;0;0;65;168;23;4htt3a60@esprit.com;4
3;28;3;2;2;179;51;18;23;244.387;98;0;1;0;1;0;0;89;170;31;szsr0rji@esprit.com;2
1;22;3;2;2;235;11;14;22;244.387;98;0;3;1;0;0;1;88;172;29;p5o2hsx1@esprit.com;8
17;22;3;3;2;179;22;17;24;244.387;98;0;2;2;0;1;0;63;170;22;eh5i7571@esprit.com;8
23;22;3;3;2;378;49;11;22;244.387;98;0;1;2;0;1;4;65;174;21;01tdurth@esprit.com;8
3;28;3;2;2;179;51;18;23;244.387;98;0;1;0;1;0;0;89;170;31;e085l473@esprit.com;16
10;22;3;4;2;361;52;3;18;244.387;98;0;1;1;1;0;4;80;172;27;2rdzqhtv@esprit.com;8
13;0;3;4;2;369;17;12;19;244.387;98;1;1;3;1;0;0;70;169;25;kaa5a2s4@esprit.com;0
1;21;3;5;2;235;11;14;22;244.387;98;0;3;1;0;0;1;88;172;29;n3exxj77@esprit.com;8
36;23;3;6;3;118;13;18;29;244.387;98;0;1;1;1;0;0;98;178;31;rlamcy34@esprit.com;2
36;14;3;3;3;118;13;18;29;244.387;98;0;1;1;1;0;0;98;178;31;44hruv2l@esprit.com;3
36;13;3;4;3;118;13;18;29;244.387;98;0;1;1;1;0;0;98;178;31;hgj21k08@esprit.com;8
1;0;3;5;3;235;11;14;22;244.387;98;1;3;1;0;0;1;88;172;29;ejt48lqj@esprit.com;0
24;0;3;5;3;246;25;16;24;244.387;98;1;1;0;1;0;0;67;170;23;dghf9z0u@esprit.com;0
36;0;3;5;3;118;13;18;29;244.387;98;1;1;1;1;0;0;98;178;31;mcamhwsu@esprit.com;0
3;28;3;6;3;179;51;18;23;244.387;98;0;1;0;1;0;0;89;170;31;6z6t6cj6@esprit.com;8
11;22;3;6;3;289;36;13;20;244.387;98;0;1;2;1;0;1;90;172;30;cmyxgc2w@esprit.com;8
20;19;3;2;3;260;50;11;22;244.387;98;0;1;4;1;0;0;65;168;23;ixdt2osu@esprit.com;8
24;28;3;3;3;246;25;16;24;244.387;98;0;1;0;1;0;0;67;170;23;tobgmw6a@esprit.com;2
3;28;4;4;3;179;51;18;23;239.409;98;0;1;0;1;0;0;89;170;31;cpxv8jzs@esprit.com;4
20;28;4;6;3;260;50;11;22;239.409;98;0;1;4;1;0;0;65;168;23;weliuekj@esprit.com;3
18;26;4;6;3;330;16;4;18;239.409;98;0;2;0;0;0;0;84;182;25;neltakqv@esprit.com;4
13;22;4;2;3;369;17;12;19;239.409;98;0;1;3;1;0;0;70;169;25;buxmti7c@esprit.com;4
33;26;4;2;3;248;25;14;27;239.409;98;0;1;2;0;0;1;86;165;32;fjobdsst@esprit.com;4
18;23;4;4;3;330;16;4;18;239.409;98;0;2;0;0;0;0;84;182;25;0hvomhdm@esprit.com;8
3;28;4;4;3;179;51;18;23;239.409;98;0;1;0;1;0;0;89;170;31;vknv9vdu@esprit.com;8
36;23;4;2;3;118;13;18;29;239.409;98;0;1;1;1;0;0;98;178;31;u8lhdkmw@esprit.com;1
36;13;4;4;3;118;13;18;29;239.409;98;0;1;1;1;0;0;98;178;31;aq7uao98@esprit.com;120
26;28;4;6;3;300;26;13;25;239.409;98;0;1;2;1;1;1;77;175;25;tmjnba97@esprit.com;8
20;28;4;6;3;260;50;11;22;239.409;98;0;1;4;1;0;0;65;168;23;nsn6eqks@esprit.com;4
3;28;4;2;3;179;51;18;23;239.409;98;0;1;0;1;0;0;89;170;31;gf72oonh@esprit.com;4
34;11;4;4;3;118;10;10;22;239.409;98;0;1;0;0;0;0;83;172;28;edgt70cn@esprit.com;2
5;13;5;2;3;235;20;13;25;246.074;99;0;1;1;1;0;0;106;167;38;saui1dey@esprit.com;16
33;23;5;4;3;248;25;14;27;246.074;99;0;1;2;0;0;1;86;165;32;bvrjui92@esprit.com;2
13;10;5;2;3;369;17;12;19;246.074;99;0;1;3;1;0;0;70;169;25;j4a2d6ye@esprit.com;8
22;23;5;4;3;179;26;9;19;246.074;99;0;3;0;0;0;0;56;171;19;q13j54pz@esprit.com;3
3;28;5;4;3;179;51;18;23;246.074;99;0;1;0;1;0;0;89;170;31;fjis0dkw@esprit.com;4
10;23;5;5;3;361;52;3;18;246.074;99;0;1;1;1;0;4;80;172;27;7tbc0m49@esprit.com;1
20;28;5;6;3;260;50;11;22;246.074;99;0;1;4;1;0;0;65;168;23;o2gl90ug@esprit.com;3
17;11;5;2;3;179;22;17;24;246.074;99;0;2;2;0;1;0;63;170;22;1wvz3yzy@esprit.com;2
17;8;5;2;3;179;22;17;24;246.074;99;0;2;2;0;1;0;63;170;22;hp4n0z2i@esprit.com;3
9;18;5;4;3;228;14;16;33;246.074;99;0;1;2;0;0;1;65;172;22;37h2pkus@esprit.com;8
28;25;5;4;3;225;26;9;18;246.074;99;0;1;1;0;0;2;69;169;24;1hjrrnyv@esprit.com;3
18;13;5;6;3;330;16;4;18;246.074;99;0;2;0;0;0;0;84;182;25;lf4qzvcc@esprit.com;8
22;25;5;2;3;179;26;9;19;246.074;99;0;3;0;0;0;0;56;171;19;9ld6s9jr@esprit.com;2
34;28;5;2;3;118;10;10;22;246.074;99;0;1;0;0;0;0;83;172;28;kpo6q5qv@esprit.com;1
1;1;5;2;3;235;11;14;22;246.074;99;0;3;1;0;0;1;88;172;29;7vuu6iqz@esprit.com;8
22;23;5;4;3;179;26;9;19;246.074;99;0;3;0;0;0;0;56;171;19;ez0oyj71@esprit.com;3
34;23;6;2;3;118;10;10;22;253.957;95;0;1;0;0;0;0;83;172;28;jwqymlw8@esprit.com;3
3;28;6;2;3;179;51;18;23;253.957;95;0;1;0;1;0;0;89;170;31;7rtk9wzj@esprit.com;3
34;28;6;3;3;118;10;10;22;253.957;95;0;1;0;0;0;0;83;172;28;47wljy3v@esprit.com;2
28;23;6;5;3;225;26;9;18;253.957;95;0;1;1;0;0;2;69;169;24;y2ehewj9@esprit.com;4
20;28;6;6;3;260;50;11;22;253.957;95;0;1;4;1;0;0;65;168;23;90ttr2o4@esprit.com;4
3;0;6;6;3;179;51;18;23;253.957;95;1;1;0;1;0;0;89;170;31;lqsqr8cn@esprit.com;0
15;13;6;2;3;291;31;12;24;253.957;95;0;1;1;1;0;1;73;171;25;5z92aio3@esprit.com;40
3;28;6;2;3;179;51;18;23;253.957;95;0;1;0;1;0;0;89;170;31;34fxjmpo@esprit.com;24
24;28;6;3;3;246;25;16;24;253.957;95;0;1;0;1;0;0;67;170;23;a2feilgb@esprit.com;3
3;28;6;2;3;179;51;18;23;253.957;95;0;1;0;1;0;0;89;170;31;hizapr3v@esprit.com;4
5;26;6;3;3;235;20;13;25;253.957;95;0;1;1;1;0;0;106;167;38;abfv37zi@esprit.com;8
3;28;6;2;1;179;51;18;23;253.957;95;0;1;0;1;0;0;89;170;31;1co41c73@esprit.com;2
28;23;6;4;1;225;26;9;18;253.957;95;0;1;1;0;0;2;69;169;24;5is0it3c@esprit.com;2
36;23;6;4;1;118;13;18;29;253.957;95;0;1;1;1;0;0;98;178;31;4tupnhuk@esprit.com;2
3;5;6;4;1;179;51;18;23;253.957;95;0;1;0;1;0;0;89;170;31;9p8iq4ud@esprit.com;8
22;21;6;4;1;179;26;9;19;253.957;95;0;3;0;0;0;0;56;171;19;qgqgz6l7@esprit.com;2
24;28;6;6;1;246;25;16;24;253.957;95;0;1;0;1;0;0;67;170;23;0dq08bxm@esprit.com;2
18;11;6;3;1;330;16;4;18;253.957;95;0;2;0;0;0;0;84;182;25;x1cv6d5r@esprit.com;1
1;13;6;3;1;235;11;14;22;253.957;95;0;3;1;0;0;1;88;172;29;qbepuiia@esprit.com;8
22;23;7;5;1;179;26;9;19;230.29;92;0;3;0;0;0;0;56;171;19;zil7hba8@esprit.com;2
28;25;7;5;1;225;26;9;18;230.29;92;0;1;1;0;0;2;69;169;24;ocy5tmws@esprit.com;4
20;13;7;6;1;260;50;11;22;230.29;92;0;1;4;1;0;0;65;168;23;e19errfd@esprit.com;8
21;7;7;2;1;268;11;8;20;230.29;92;0;2;0;0;0;0;79;178;25;gahgfokn@esprit.com;8
18;25;7;6;1;330;16;4;18;230.29;92;0;2;0;0;0;0;84;182;25;ratjs85p@esprit.com;8
34;26;7;6;1;118;10;10;22;230.29;92;0;1;0;0;0;0;83;172;28;rey644xb@esprit.com;8
20;26;7;2;1;260;50;11;22;230.29;92;0;1;4;1;0;0;65;168;23;0168gh84@esprit.com;4
34;28;7;3;1;118;10;10;22;230.29;92;0;1;0;0;0;0;83;172;28;tl74yspu@esprit.com;8
26;15;7;2;1;300;26;13;25;230.29;92;0;1;2;1;1;1;77;175;25;crrretfn@esprit.com;8
2;23;7;2;1;235;29;12;28;230.29;92;0;1;1;0;1;5;88;163;33;uhw9oob4@esprit.com;1
24;28;7;3;1;246;25;16;24;230.29;92;0;1;0;1;0;0;67;170;23;e34azqda@esprit.com;2
28;9;7;3;1;225;26;9;18;230.29;92;0;1;1;0;0;2;69;169;24;p8uy9fuw@esprit.com;112
3;28;7;3;1;179;51;18;23;230.29;92;0;1;0;1;0;0;89;170;31;sik9twac@esprit.com;1
36;23;7;6;1;118;13;18;29;230.29;92;0;1;1;1;0;0;98;178;31;l153is7z@esprit.com;1
10;22;7;6;1;361;52;3;18;230.29;92;0;1;1;1;0;4;80;172;27;xf3rgflr@esprit.com;8
11;22;7;2;1;289;36;13;20;230.29;92;0;1;2;1;0;1;90;172;30;ik8pzity@esprit.com;8
5;26;7;2;1;235;20;13;25;230.29;92;0;1;1;1;0;0;106;167;38;6n3cj3a6@esprit.com;8
24;28;7;3;1;246;25;16;24;230.29;92;0;1;0;1;0;0;67;170;23;7l89retf@esprit.com;2
15;28;7;5;1;291;31;12;24;230.29;92;0;1;1;1;0;1;73;171;25;imez796u@esprit.com;1
7;23;7;5;1;279;5;14;23;230.29;92;0;1;2;1;1;0;68;168;24;f9hxr95z@esprit.com;2
3;25;8;5;1;179;51;18;23;249.797;93;0;1;0;1;0;0;89;170;31;2f2azdan@esprit.com;4
17;25;8;2;1;179;22;17;24;249.797;93;0;2;2;0;1;0;63;170;22;li96p3l0@esprit.com;1
24;28;8;3;1;246;25;16;24;249.797;93;0;1;0;1;0;0;67;170;23;rhwl6myk@esprit.com;4
34;28;8;3;1;118;10;10;22;249.797;93;0;1;0;0;0;0;83;172;28;r7sstd6m@esprit.com;4
11;26;8;3;1;289;36;13;20;249.797;93;0;1;2;1;0;1;90;172;30;6nlw323n@esprit.com;8
5;26;8;3;1;235;20;13;25;249.797;93;0;1;1;1;0;0;106;167;38;h13la3nc@esprit.com;8
15;28;8;5;1;291;31;12;24;249.797;93;0;1;1;1;0;1;73;171;25;zhzlwgby@esprit.com;4
3;25;8;2;1;179;51;18;23;249.797;93;0;1;0;1;0;0;89;170;31;lkwfvxpt@esprit.com;4
17;25;8;3;1;179;22;17;24;249.797;93;0;2;2;0;1;0;63;170;22;e1dupak9@esprit.com;8
18;23;8;5;1;330;16;4;18;249.797;93;0;2;0;0;0;0;84;182;25;abu1eemt@esprit.com;16
1;23;8;3;1;235;11;14;22;249.797;93;0;3;1;0;0;1;88;172;29;mfz5ssxq@esprit.com;4
24;28;8;3;1;246;25;16;24;249.797;93;0;1;0;1;0;0;67;170;23;6vwwq9lk@esprit.com;1
34;28;8;3;1;118;10;10;22;249.797;93;0;1;0;0;0;0;83;172;28;gptfk8yu@esprit.com;5
15;28;8;5;1;291;31;12;24;249.797;93;0;1;1;1;0;1;73;171;25;m0pzkp2k@esprit.com;2
20;28;8;2;1;260;50;11;22;249.797;93;0;1;4;1;0;0;65;168;23;e3g6512v@esprit.com;3
24;28;9;3;1;246;25;16;24;261.756;87;0;1;0;1;0;0;67;170;23;7a0wounn@esprit.com;1
24;28;9;3;1;246;25;16;24;261.756;87;0;1;0;1;0;0;67;170;23;2e86yd4i@esprit.com;1
34;28;9;3;1;118;10;10;22;261.756;87;0;1;0;0;0;0;83;172;28;wheu3iq3@esprit.com;3
14;23;9;3;1;155;12;14;21;261.756;87;0;1;2;1;0;0;95;196;25;xrp4rguo@esprit.com;2
15;28;9;5;1;291;31;12;24;261.756;87;0;1;1;1;0;1;73;171;25;19wg66fq@esprit.com;2
22;23;9;6;1;179;26;9;19;261.756;87;0;3;0;0;0;0;56;171;19;eio6hny5@esprit.com;8
33;23;9;6;1;248;25;14;27;261.756;87;0;1;2;0;0;1;86;165;32;06jo8irl@esprit.com;1
3;23;9;2;1;179;51;18;23;261.756;87;0;1;0;1;0;0;89;170;31;iyrbtqtx@esprit.com;4
28;23;9;4;1;225;26;9;18;261.756;87;0;1;1;0;0;2;69;169;24;tbd1npif@esprit.com;1
22;23;9;2;1;179;26;9;19;261.756;87;0;3;0;0;0;0;56;171;19;jgswottr@esprit.com;2
13;23;9;3;4;369;17;12;19;261.756;87;0;1;3;1;0;0;70;169;25;p83z1511@esprit.com;8
10;22;9;3;4;361;52;3;18;261.756;87;0;1;1;1;0;4;80;172;27;f0yhjea4@esprit.com;8
32;4;10;5;4;289;48;29;28;284.853;91;0;1;0;0;0;2;108;172;36;5fhixgcb@esprit.com;1
25;11;10;5;4;235;16;8;20;284.853;91;0;3;0;0;0;0;75;178;25;3lelfmzd@esprit.com;3
24;26;10;6;4;246;25;16;24;284.853;91;0;1;0;1;0;0;67;170;23;bcxwjeuu@esprit.com;8
32;14;10;4;4;289;48;29;28;284.853;91;0;1;0;0;0;2;108;172;36;hg35m918@esprit.com;3
15;28;10;4;4;291;31;12;24;284.853;91;0;1;1;1;0;1;73;171;25;04yxwbok@esprit.com;2
34;23;10;3;4;118;10;10;22;284.853;91;0;1;0;0;0;0;83;172;28;e722rzas@esprit.com;2
32;23;10;5;4;289;48;29;28;284.853;91;0;1;0;0;0;2;108;172;36;37r1bgsj@esprit.com;2
15;23;10;6;4;291;31;12;24;284.853;91;0;1;1;1;0;1;73;171;25;5jembg0b@esprit.com;1
28;23;10;3;4;225;26;9;18;284.853;91;0;1;1;0;0;2;69;169;24;qzzdpu9v@esprit.com;2
13;23;10;3;4;369;17;12;19;284.853;91;0;1;3;1;0;0;70;169;25;k4ss4p2q@esprit.com;8
13;23;10;3;4;369;17;12;19;284.853;91;0;1;3;1;0;0;70;169;25;9y6zish3@esprit.com;3
28;23;10;3;4;225;26;9;18;284.853;91;0;1;1;0;0;2;69;169;24;9dhlxkl6@esprit.com;4
13;26;10;3;4;369;17;12;19;284.853;91;0;1;3;1;0;0;70;169;25;hj9ykp5y@esprit.com;8
3;28;10;4;4;179;51;18;23;284.853;91;0;1;0;1;0;0;89;170;31;g1mmqjs9@esprit.com;3
9;1;10;4;4;228;14;16;33;284.853;91;0;1;2;0;0;1;65;172;22;kpqiw6ib@esprit.com;1
15;23;10;4;4;291;31;12;24;284.853;91;0;1;1;1;0;1;73;171;25;br0635nf@esprit.com;1
13;10;10;5;4;369;17;12;19;284.853;91;0;1;3;1;0;0;70;169;25;6hxb5h6h@esprit.com;8
28;13;10;5;4;225;26;9;18;284.853;91;0;1;1;0;0;2;69;169;24;y6kivxl0@esprit.com;1
13;10;10;6;4;369;17;12;19;284.853;91;0;1;3;1;0;0;70;169;25;zamicjeb@esprit.com;8
28;10;10;6;4;225;26;9;18;284.853;91;0;1;1;0;0;2;69;169;24;bhh1308h@esprit.com;3
6;23;10;2;4;189;29;13;20;284.853;91;0;1;2;0;0;2;69;167;25;q7wqhhnm@esprit.com;8
25;6;10;2;4;235;16;8;20;284.853;91;0;3;0;0;0;0;75;178;25;2zxjaef4@esprit.com;8
33;10;10;2;4;248;25;14;27;284.853;91;0;1;2;0;0;1;86;165;32;0zxrt3gz@esprit.com;8
28;0;10;2;4;225;26;9;18;284.853;91;1;1;1;0;0;2;69;169;24;h5h3ziy8@esprit.com;0
28;13;10;3;4;225;26;9;18;284.853;91;0;1;1;0;0;2;69;169;24;yb43lpat@esprit.com;3
3;21;11;3;4;179;51;18;23;268.519;93;0;1;0;1;0;0;89;170;31;d1n4b7pu@esprit.com;1
34;28;11;4;4;118;10;10;22;268.519;93;0;1;0;0;0;0;83;172;28;poeoqz22@esprit.com;3
18;2;11;4;4;330;16;4;18;268.519;93;0;2;0;0;0;0;84;182;25;zthx2pca@esprit.com;24
3;28;11;6;4;179;51;18;23;268.519;93;0;1;0;1;0;0;89;170;31;x9dvfl99@esprit.com;1
34;9;11;3;4;118;10;10;22;268.519;93;0;1;0;0;0;0;83;172;28;wwtcnq70@esprit.com;8
11;24;11;4;4;289;36;13;20;268.519;93;0;1;2;1;0;1;90;172;30;yqtebyj3@esprit.com;8
25;1;11;6;4;235;16;8;20;268.519;93;0;3;0;0;0;0;75;178;25;qpkmqvjn@esprit.com;8
28;23;11;6;4;225;26;9;18;268.519;93;0;1;1;0;0;2;69;169;24;q71tqij4@esprit.com;4
10;22;11;3;4;361;52;3;18;268.519;93;0;1;1;1;0;4;80;172;27;pnfpmr65@esprit.com;8
15;28;11;4;4;291;31;12;24;268.519;93;0;1;1;1;0;1;73;171;25;bi9eb1y5@esprit.com;2
34;13;11;5;4;118;10;10;22;268.519;93;0;1;0;0;0;0;83;172;28;q4gdumr8@esprit.com;2
28;14;11;5;4;225;26;9;18;268.519;93;0;1;1;0;0;2;69;169;24;2od51wpc@esprit.com;3
3;28;11;2;4;179;51;18;23;268.519;93;0;1;0;1;0;0;89;170;31;sych9zdo@esprit.com;1
34;23;11;2;4;118;10;10;22;268.519;93;0;1;0;0;0;0;83;172;28;cuyw8oq9@esprit.com;8
34;8;11;3;4;118;10;10;22;268.519;93;0;1;0;0;0;0;83;172;28;n5c0k0l8@esprit.com;8
28;23;11;3;4;225;26;9;18;268.519;93;0;1;1;0;0;2;69;169;24;xq46cp8z@esprit.com;2
15;0;11;3;4;291;31;12;24;268.519;93;1;1;1;1;0;1;73;171;25;9j5pngw9@esprit.com;0
11;0;11;4;4;289;36;13;20;268.519;93;1;1;2;1;0;1;90;172;30;q888hpsr@esprit.com;0
33;14;11;5;4;248;25;14;27;268.519;93;0;1;2;0;0;1;86;165;32;u5aklws6@esprit.com;4
5;0;11;5;4;235;20;13;25;268.519;93;1;1;1;1;0;0;106;167;38;3tdnm292@esprit.com;0
28;23;11;6;4;225;26;9;18;268.519;93;0;1;1;0;0;2;69;169;24;644f8asd@esprit.com;2
13;26;11;6;4;369;17;12;19;268.519;93;0;1;3;1;0;0;70;169;25;moxas8zh@esprit.com;8
10;28;11;2;4;361;52;3;18;268.519;93;0;1;1;1;0;4;80;172;27;lq3way6w@esprit.com;2
3;13;12;3;4;179;51;18;23;280.549;98;0;1;0;1;0;0;89;170;31;afubcvnt@esprit.com;32
15;28;12;4;4;291;31;12;24;280.549;98;0;1;1;1;0;1;73;171;25;nw4sog16@esprit.com;1
28;23;12;4;4;225;26;9;18;280.549;98;0;1;1;0;0;2;69;169;24;6eqk7jl5@esprit.com;3
22;13;12;6;4;179;26;9;19;280.549;98;0;3;0;0;0;0;56;171;19;7smws1qe@esprit.com;1
28;23;12;6;4;225;26;9;18;280.549;98;0;1;1;0;0;2;69;169;24;ifbnxjav@esprit.com;3
28;23;12;4;4;225;26;9;18;280.549;98;0;1;1;0;0;2;69;169;24;3qzisc23@esprit.com;3
10;14;12;5;4;361;52;3;18;280.549;98;0;1;1;1;0;4;80;172;27;oh00481y@esprit.com;4
17;18;12;6;4;179;22;17;24;280.549;98;0;2;2;0;1;0;63;170;22;xn597fl3@esprit.com;2
5;26;12;6;4;235;20;13;25;280.549;98;0;1;1;1;0;0;106;167;38;2ndj6fph@esprit.com;8
12;18;12;2;4;233;51;1;19;280.549;98;0;2;1;1;0;8;68;178;21;dv6bosfy@esprit.com;8
22;13;12;3;4;179;26;9;19;280.549;98;0;3;0;0;0;0;56;171;19;pv7x4d53@esprit.com;16
28;23;12;3;4;225;26;9;18;280.549;98;0;1;1;0;0;2;69;169;24;shfyf6ag@esprit.com;2
28;23;12;5;4;225;26;9;18;280.549;98;0;1;1;0;0;2;69;169;24;x9b0d4py@esprit.com;3
28;23;12;2;4;225;26;9;18;280.549;98;0;1;1;0;0;2;69;169;24;jh9zaedh@esprit.com;2
14;18;12;3;2;155;12;14;21;280.549;98;0;1;2;1;0;0;95;196;25;xoewyo7n@esprit.com;80
22;12;1;2;2;179;26;9;19;313.532;96;0;3;0;0;0;0;56;171;19;842b95az@esprit.com;24
22;12;1;5;2;179;26;9;19;313.532;96;0;3;0;0;0;0;56;171;19;ftamgjdy@esprit.com;16
17;25;1;5;2;179;22;17;24;313.532;96;0;2;2;0;1;0;63;170;22;scm3b92u@esprit.com;2
17;25;1;6;2;179;22;17;24;313.532;96;0;2;2;0;1;0;63;170;22;blk330p7@esprit.com;2
22;13;1;2;2;179;26;9;19;313.532;96;0;3;0;0;0;0;56;171;19;ix0rae79@esprit.com;3
17;25;1;4;2;179;22;17;24;313.532;96;0;2;2;0;1;0;63;170;22;36by8lyh@esprit.com;2
32;10;1;5;2;289;48;29;28;313.532;96;0;1;0;0;0;2;108;172;36;46hjbbqc@esprit.com;8
17;18;1;6;2;179;22;17;24;313.532;96;0;2;2;0;1;0;63;170;22;svo364gr@esprit.com;3
22;27;1;2;2;179;26;9;19;313.532;96;0;3;0;0;0;0;56;171;19;01mgkaye@esprit.com;2
14;18;1;3;2;155;12;14;21;313.532;96;0;1;2;1;0;0;95;196;25;lmxm6gos@esprit.com;8
22;27;1;4;2;179;26;9;19;313.532;96;0;3;0;0;0;0;56;171;19;vnh4xs0x@esprit.com;2
3;27;1;4;2;179;51;18;23;313.532;96;0;1;0;1;0;0;89;170;31;1yq9m6ex@esprit.com;3
11;13;1;4;2;289;36;13;20;313.532;96;0;1;2;1;0;1;90;172;30;zzlal1wc@esprit.com;8
3;27;1;5;2;179;51;18;23;313.532;96;0;1;0;1;0;0;89;170;31;4bfi2a00@esprit.com;3
3;27;1;6;2;179;51;18;23;313.532;96;0;1;0;1;0;0;89;170;31;pfdr6d9d@esprit.com;2
3;13;2;3;2;179;51;18;23;264.249;97;0;1;0;1;0;0;89;170;31;8x0zjca4@esprit.com;8
28;23;2;3;2;225;26;9;18;264.249;97;0;1;1;0;0;2;69;169;24;v1t335dy@esprit.com;3
33;1;2;4;2;248;25;14;27;264.249;97;0;1;2;0;0;1;86;165;32;xamwyy9d@esprit.com;8
3;27;2;4;2;179;51;18;23;264.249;97;0;1;0;1;0;0;89;170;31;m1egxkz4@esprit.com;2
28;28;2;5;2;225;26;9;18;264.249;97;0;1;1;0;0;2;69;169;24;u5jfd9zl@esprit.com;3
3;27;2;5;2;179;51;18;23;264.249;97;0;1;0;1;0;0;89;170;31;36b681ab@esprit.com;2
22;27;2;5;2;179;26;9;19;264.249;97;0;3;0;0;0;0;56;171;19;y7dtjh9t@esprit.com;2
29;28;2;6;2;225;15;15;24;264.249;97;0;4;2;1;0;2;94;182;28;b3483vos@esprit.com;2
3;27;2;6;2;179;51;18;23;264.249;97;0;1;0;1;0;0;89;170;31;a0t5retq@esprit.com;2
12;19;2;2;2;233;51;1;19;264.249;97;0;2;1;1;0;8;68;178;21;p0nmonss@esprit.com;2
3;27;2;2;2;179;51;18;23;264.249;97;0;1;0;1;0;0;89;170;31;rocxpayl@esprit.com;2
28;7;2;3;2;225;26;9;18;264.249;97;0;1;1;0;0;2;69;169;24;n4hogvnj@esprit.com;8
3;27;2;4;2;179;51;18;23;264.249;97;0;1;0;1;0;0;89;170;31;jjoqzpse@esprit.com;3
3;27;2;5;2;179;51;18;23;264.249;97;0;1;0;1;0;0;89;170;31;rcayryrw@esprit.com;3
28;25;2;5;2;225;26;9;18;264.249;97;0;1;1;0;0;2;69;169;24;9ggr158c@esprit.com;3
22;13;2;5;2;179;26;9;19;264.249;97;0;3;0;0;0;0;56;171;19;j0vq99qd@esprit.com;2
17;23;2;6;2;179;22;17;24;264.249;97;0;2;2;0;1;0;63;170;22;g6o2qwnc@esprit.com;2
3;27;2;6;2;179;51;18;23;264.249;97;0;1;0;1;0;0;89;170;31;70f48r0o@esprit.com;3
12;12;2;4;2;233;51;1;19;264.249;97;0;2;1;1;0;8;68;178;21;djdiqffl@esprit.com;3
22;27;2;4;2;179;26;9;19;264.249;97;0;3;0;0;0;0;56;171;19;215ihgv6@esprit.com;2
3;27;2;4;2;179;51;18;23;264.249;97;0;1;0;1;0;0;89;170;31;skgthu8a@esprit.com;2
3;13;2;5;2;179;51;18;23;264.249;97;0;1;0;1;0;0;89;170;31;v6xvdlwu@esprit.com;8
3;27;2;6;2;179;51;18;23;264.249;97;0;1;0;1;0;0;89;170;31;1teyrfdj@esprit.com;2
14;25;2;2;2;155;12;14;21;264.249;97;0;1;2;1;0;0;95;196;25;ezdq9gr9@esprit.com;5
25;25;2;2;2;235;16;8;20;264.249;97;0;3;0;0;0;0;75;178;25;b53ioigm@esprit.com;3
3;27;2;2;2;179;51;18;23;264.249;97;0;1;0;1;0;0;89;170;31;v19ig21a@esprit.com;2
28;7;2;2;2;225;26;9;18;264.249;97;0;1;1;0;0;2;69;169;24;tiitacwy@esprit.com;2
3;27;2;3;2;179;51;18;23;264.249;97;0;1;0;1;0;0;89;170;31;0kzeif9p@esprit.com;2
33;23;2;3;2;248;25;14;27;264.249;97;0;1;2;0;0;1;86;165;32;7cbzo6tn@esprit.com;2
28;25;2;3;2;225;26;9;18;264.249;97;0;1;1;0;0;2;69;169;24;lcfrs369@esprit.com;2
3;27;2;4;2;179;51;18;23;264.249;97;0;1;0;1;0;0;89;170;31;miu7th8u@esprit.com;2
3;27;2;5;2;179;51;18;23;264.249;97;0;1;0;1;0;0;89;170;31;ng95walz@esprit.com;2
25;25;2;6;2;235;16;8;20;264.249;97;0;3;0;0;0;0;75;178;25;q4rvucnk@esprit.com;2
3;27;3;2;2;179;51;18;23;222.196;99;0;1;0;1;0;0;89;170;31;1q36ghs5@esprit.com;2
33;23;3;2;2;248;25;14;27;222.196;99;0;1;2;0;0;1;86;165;32;49d80gf9@esprit.com;2
9;25;3;3;2;228;14;16;33;222.196;99;0;1;2;0;0;1;65;172;22;ocp6w0qg@esprit.com;3
33;25;3;3;2;248;25;14;27;222.196;99;0;1;2;0;0;1;86;165;32;cmxz92zm@esprit.com;3
9;12;3;3;2;228;14;16;33;222.196;99;0;1;2;0;0;1;65;172;22;53lqsjxe@esprit.com;112
3;27;3;4;2;179;51;18;23;222.196;99;0;1;0;1;0;0;89;170;31;rjo8iacu@esprit.com;2
28;27;3;5;2;225;26;9;18;222.196;99;0;1;1;0;0;2;69;169;24;gv7awhr1@esprit.com;2
3;27;3;5;2;179;51;18;23;222.196;99;0;1;0;1;0;0;89;170;31;6fwpkxmn@esprit.com;3
28;25;3;5;2;225;26;9;18;222.196;99;0;1;1;0;0;2;69;169;24;jp2tpcpe@esprit.com;2
22;27;3;6;2;179;26;9;19;222.196;99;0;3;0;0;0;0;56;171;19;ld080c61@esprit.com;3
25;25;3;2;2;235;16;8;20;222.196;99;0;3;0;0;0;0;75;178;25;lzjtetmm@esprit.com;3
10;19;3;2;2;361;52;3;18;222.196;99;0;1;1;1;0;4;80;172;27;jg35dcpf@esprit.com;8
3;13;3;3;2;179;51;18;23;222.196;99;0;1;0;1;0;0;89;170;31;dh32822i@esprit.com;8
3;27;3;4;2;179;51;18;23;222.196;99;0;1;0;1;0;0;89;170;31;mgtjwrz5@esprit.com;2
3;27;3;5;2;179;51;18;23;222.196;99;0;1;0;1;0;0;89;170;31;yezi1hn2@esprit.com;3
22;27;3;6;2;179;26;9;19;222.196;99;0;3;0;0;0;0;56;171;19;6njd5fab@esprit.com;2
3;10;3;2;2;179;51;18;23;222.196;99;0;1;0;1;0;0;89;170;31;1oyk7i50@esprit.com;4
33;13;3;2;2;248;25;14;27;222.196;99;0;1;2;0;0;1;86;165;32;hd38fi6g@esprit.com;2
3;27;3;2;2;179;51;18;23;222.196;99;0;1;0;1;0;0;89;170;31;lo85n5sy@esprit.com;3
28;7;3;2;2;225;26;9;18;222.196;99;0;1;1;0;0;2;69;169;24;9k6fjl7v@esprit.com;8
3;27;3;3;2;179;51;18;23;222.196;99;0;1;0;1;0;0;89;170;31;aev50qqy@esprit.com;2
11;23;3;4;2;289;36;13;20;222.196;99;0;1;2;1;0;1;90;172;30;1w0nl3n3@esprit.com;8
9;25;3;4;2;228;14;16;33;222.196;99;0;1;2;0;0;1;65;172;22;x3lpqbti@esprit.com;2
3;27;3;4;2;179;51;18;23;222.196;99;0;1;0;1;0;0;89;170;31;4tx70t5q@esprit.com;2
33;23;3;5;2;248;25;14;27;222.196;99;0;1;2;0;0;1;86;165;32;n8jntwf6@esprit.com;3
3;27;3;5;2;179;51;18;23;222.196;99;0;1;0;1;0;0;89;170;31;3ee54hww@esprit.com;3
22;23;3;6;2;179;26;9;19;222.196;99;0;3;0;0;0;0;56;171;19;bxrqmrty@esprit.com;2
3;27;3;6;2;179;51;18;23;222.196;99;0;1;0;1;0;0;89;170;31;ifnpm6jk@esprit.com;3
3;27;3;3;3;179;51;18;23;222.196;99;0;1;0;1;0;0;89;170;31;68vy8duh@esprit.com;3
16;23;3;4;3;118;15;24;27;222.196;99;0;1;2;1;1;0;75;175;25;h9navq51@esprit.com;8
14;13;3;4;3;155;12;14;21;222.196;99;0;1;2;1;0;0;95;196;25;eb19i5op@esprit.com;24
3;27;3;4;3;179;51;18;23;222.196;99;0;1;0;1;0;0;89;170;31;0uh4jj5k@esprit.com;3
3;27;3;5;3;179;51;18;23;222.196;99;0;1;0;1;0;0;89;170;31;ikjse22n@esprit.com;3
22;13;3;2;3;179;26;9;19;222.196;99;0;3;0;0;0;0;56;171;19;ur54zrqo@esprit.com;2
11;19;3;2;3;289;36;13;20;222.196;99;0;1;2;1;0;1;90;172;30;w9vikssr@esprit.com;104
13;22;3;4;3;369;17;12;19;222.196;99;0;1;3;1;0;0;70;169;25;nmmq6361@esprit.com;8
28;13;4;2;3;225;26;9;18;246.288;91;0;1;1;0;0;2;69;169;24;izkw0yhs@esprit.com;8
34;10;4;2;3;118;10;10;22;246.288;91;0;1;0;0;0;0;83;172;28;d7t3wbkg@esprit.com;8
10;19;4;3;3;361;52;3;18;246.288;91;0;1;1;1;0;4;80;172;27;55lzy30n@esprit.com;8
33;19;4;4;3;248;25;14;27;246.288;91;0;1;2;0;0;1;86;165;32;l6wibp63@esprit.com;8
6;13;4;5;3;189;29;13;20;246.288;91;0;1;2;0;0;2;69;167;25;x7uz9btq@esprit.com;8
22;27;4;6;3;179;26;9;19;246.288;91;0;3;0;0;0;0;56;171;19;wjlg7804@esprit.com;2
13;7;4;2;3;369;17;12;19;246.288;91;0;1;3;1;0;0;70;169;25;gg8o2y5s@esprit.com;24
17;16;4;3;3;179;22;17;24;246.288;91;0;2;2;0;1;0;63;170;22;w4gxygt7@esprit.com;2
36;23;4;3;3;118;13;18;29;246.288;91;0;1;1;1;0;0;98;178;31;061n01bp@esprit.com;3
10;23;4;3;3;361;52;3;18;246.288;91;0;1;1;1;0;4;80;172;27;pcxeyrkz@esprit.com;2
34;10;4;4;3;118;10;10;22;246.288;91;0;1;0;0;0;0;83;172;28;iiulwpc3@esprit.com;2
1;22;4;6;3;235;11;14;22;246.288;91;0;3;1;0;0;1;88;172;29;msi550vk@esprit.com;8
22;27;4;6;3;179;26;9;19;246.288;91;0;3;0;0;0;0;56;171;19;boe6zyuo@esprit.com;2
28;19;4;2;3;225;26;9;18;246.288;91;0;1;1;0;0;2;69;169;24;vvqgbiey@esprit.com;8
25;16;4;3;3;235;16;8;20;246.288;91;0;3;0;0;0;0;75;178;25;lgq922ew@esprit.com;3
22;27;4;6;3;179;26;9;19;246.288;91;0;3;0;0;0;0;56;171;19;ncwyv05m@esprit.com;2
14;28;4;3;3;155;12;14;21;246.288;91;0;1;2;1;0;0;95;196;25;7bx6mnpp@esprit.com;4
28;19;4;5;3;225;26;9;18;246.288;91;0;1;1;0;0;2;69;169;24;mhgotw7y@esprit.com;8
36;14;4;5;3;118;13;18;29;246.288;91;0;1;1;1;0;0;98;178;31;qaqiuv7b@esprit.com;2
22;27;4;6;3;179;26;9;19;246.288;91;0;3;0;0;0;0;56;171;19;dnjc88g9@esprit.com;2
1;22;5;2;3;235;11;14;22;237.656;99;0;3;1;0;0;1;88;172;29;rqerwti9@esprit.com;8
29;19;5;4;3;225;15;15;24;237.656;99;0;4;2;1;0;2;94;182;28;w01qcz81@esprit.com;3
25;28;5;4;3;235;16;8;20;237.656;99;0;3;0;0;0;0;75;178;25;euzayx85@esprit.com;2
34;8;5;4;3;118;10;10;22;237.656;99;0;1;0;0;0;0;83;172;28;b1r64et3@esprit.com;3
5;26;5;4;3;235;20;13;25;237.656;99;0;1;1;1;0;0;106;167;38;c7jva0wo@esprit.com;8
22;13;5;5;3;179;26;9;19;237.656;99;0;3;0;0;0;0;56;171;19;px87yvt7@esprit.com;1
15;28;5;5;3;291;31;12;24;237.656;99;0;1;1;1;0;1;73;171;25;6oxnnuge@esprit.com;2
29;14;5;5;3;225;15;15;24;237.656;99;0;4;2;1;0;2;94;182;28;f3y0t39r@esprit.com;8
26;19;5;6;3;300;26;13;25;237.656;99;0;1;2;1;1;1;77;175;25;b0mjs2up@esprit.com;64
29;22;5;6;3;225;15;15;24;237.656;99;0;4;2;1;0;2;94;182;28;r1xpuy0p@esprit.com;8
22;27;5;6;3;179;26;9;19;237.656;99;0;3;0;0;0;0;56;171;19;atq3qowl@esprit.com;2
36;23;5;2;3;118;13;18;29;237.656;99;0;1;1;1;0;0;98;178;31;unevgkmj@esprit.com;2
36;5;5;3;3;118;13;18;29;237.656;99;0;1;1;1;0;0;98;178;31;cqybuyxw@esprit.com;3
34;28;5;3;3;118;10;10;22;237.656;99;0;1;0;0;0;0;83;172;28;s0omaw88@esprit.com;1
36;0;5;3;3;118;13;18;29;237.656;99;1;1;1;1;0;0;98;178;31;4xstejrs@esprit.com;0
22;27;5;4;3;179;26;9;19;237.656;99;0;3;0;0;0;0;56;171;19;guhur5nf@esprit.com;2
23;0;5;4;3;378;49;11;22;237.656;99;1;1;2;0;1;4;65;174;21;fkmefw41@esprit.com;0
17;16;5;6;3;179;22;17;24;237.656;99;0;2;2;0;1;0;63;170;22;yg49zwkz@esprit.com;1
14;10;5;2;3;155;12;14;21;237.656;99;0;1;2;1;0;0;95;196;25;bsaxm88v@esprit.com;48
25;10;5;2;3;235;16;8;20;237.656;99;0;3;0;0;0;0;75;178;25;vggbc95q@esprit.com;8
15;22;5;4;3;291;31;12;24;237.656;99;0;1;1;1;0;1;73;171;25;7r71n7ev@esprit.com;8
17;10;5;4;3;179;22;17;24;237.656;99;0;2;2;0;1;0;63;170;22;sylesdmq@esprit.com;8
28;6;5;4;3;225;26;9;18;237.656;99;0;1;1;0;0;2;69;169;24;8opkern6@esprit.com;3
18;10;5;5;3;330;16;4;18;237.656;99;0;2;0;0;0;0;84;182;25;ak13m53s@esprit.com;8
25;23;5;5;3;235;16;8;20;237.656;99;0;3;0;0;0;0;75;178;25;jgk1c1ea@esprit.com;2
15;28;5;5;3;291;31;12;24;237.656;99;0;1;1;1;0;1;73;171;25;lx1uazha@esprit.com;2
22;27;5;6;3;179;26;9;19;237.656;99;0;3;0;0;0;0;56;171;19;3jwxiveo@esprit.com;2
10;7;5;2;3;361;52;3;18;237.656;99;0;1;1;1;0;4;80;172;27;xtiwkyu2@esprit.com;8
14;23;5;4;3;155;12;14;21;237.656;99;0;1;2;1;0;0;95;196;25;5zv00o43@esprit.com;2
17;25;5;6;3;179;22;17;24;237.656;99;0;2;2;0;1;0;63;170;22;vomo2zfq@esprit.com;8
14;10;5;6;3;155;12;14;21;237.656;99;0;1;2;1;0;0;95;196;25;v2fqgdr1@esprit.com;8
28;11;5;2;3;225;26;9;18;237.656;99;0;1;1;0;0;2;69;169;24;ennk5xj4@esprit.com;1
16;7;6;4;3;118;15;24;27;275.089;96;0;1;2;1;1;0;75;175;25;8wd5rq5f@esprit.com;8
22;27;6;4;3;179;26;9;19;275.089;96;0;3;0;0;0;0;56;171;19;vmha3zzk@esprit.com;3
34;26;6;6;3;118;10;10;22;275.089;96;0;1;0;0;0;0;83;172;28;mcefo43k@esprit.com;8
34;10;6;4;3;118;10;10;22;275.089;96;0;1;0;0;0;0;83;172;28;2vljfabr@esprit.com;8
23;22;6;5;3;378;49;11;22;275.089;96;0;1;2;0;1;4;65;174;21;2aegrrmk@esprit.com;8
36;19;6;5;3;118;13;18;29;275.089;96;0;1;1;1;0;0;98;178;31;z048vasv@esprit.com;24
12;19;6;6;3;233;51;1;19;275.089;96;0;2;1;1;0;8;68;178;21;jw6m7pbm@esprit.com;8
22;27;6;6;3;179;26;9;19;275.089;96;0;3;0;0;0;0;56;171;19;nzw5pobu@esprit.com;2
2;0;6;2;3;235;29;12;28;275.089;96;1;1;1;0;1;5;88;163;33;t5q6l1s6@esprit.com;0
21;0;6;2;3;268;11;8;20;275.089;96;1;2;0;0;0;0;79;178;25;2pl94rqv@esprit.com;0
36;19;6;5;3;118;13;18;29;275.089;96;0;1;1;1;0;0;98;178;31;nhsfgopn@esprit.com;3
22;13;6;5;3;179;26;9;19;275.089;96;0;3;0;0;0;0;56;171;19;dvxqvghq@esprit.com;2
15;28;6;5;3;291;31;12;24;275.089;96;0;1;1;1;0;1;73;171;25;l8j7tsld@esprit.com;2
22;13;6;2;1;179;26;9;19;275.089;96;0;3;0;0;0;0;56;171;19;y3bvzwlt@esprit.com;3
34;25;6;2;1;118;10;10;22;275.089;96;0;1;0;0;0;0;83;172;28;srcg7upy@esprit.com;3
12;22;6;5;1;233;51;1;19;275.089;96;0;2;1;1;0;8;68;178;21;4ivht5e1@esprit.com;8
34;8;6;6;1;118;10;10;22;275.089;96;0;1;0;0;0;0;83;172;28;g43wrzsi@esprit.com;2
34;10;6;4;1;118;10;10;22;275.089;96;0;1;0;0;0;0;83;172;28;h9umw1j2@esprit.com;3
12;22;6;4;1;233;51;1;19;275.089;96;0;2;1;1;0;8;68;178;21;ojc89t4y@esprit.com;3
5;26;7;4;1;235;20;13;25;264.604;93;0;1;1;1;0;0;106;167;38;iniqyq9n@esprit.com;4
12;19;7;6;1;233;51;1;19;264.604;93;0;2;1;1;0;8;68;178;21;9evwdwsy@esprit.com;2
9;6;7;2;1;228;14;16;33;264.604;93;0;1;2;0;0;1;65;172;22;woi5ksup@esprit.com;8
34;28;7;2;1;118;10;10;22;264.604;93;0;1;0;0;0;0;83;172;28;5mk3livo@esprit.com;4
9;6;7;3;1;228;14;16;33;264.604;93;0;1;2;0;0;1;65;172;22;qqchpcv3@esprit.com;120
6;22;7;3;1;189;29;13;20;264.604;93;0;1;2;0;0;2;69;167;25;cv87psbi@esprit.com;16
34;23;7;4;1;118;10;10;22;264.604;93;0;1;0;0;0;0;83;172;28;0s3n29sr@esprit.com;2
10;22;7;4;1;361;52;3;18;264.604;93;0;1;1;1;0;4;80;172;27;uoij3l9l@esprit.com;8
28;22;7;4;1;225;26;9;18;264.604;93;0;1;1;0;0;2;69;169;24;zs1impwd@esprit.com;8
13;13;7;2;1;369;17;12;19;264.604;93;0;1;3;1;0;0;70;169;25;2euitk4m@esprit.com;80
11;14;7;3;1;289;36;13;20;264.604;93;0;1;2;1;0;1;90;172;30;qo8cnr9n@esprit.com;8
1;11;7;3;1;235;11;14;22;264.604;93;0;3;1;0;0;1;88;172;29;7s2cdhih@esprit.com;4
4;0;0;3;1;118;14;13;24;271.219;95;0;1;1;1;0;8;98;170;34;4udepc93@esprit.com;0
8;0;0;4;2;231;35;14;23;271.219;95;0;1;2;1;0;2;100;170;35;7idrx7zy@esprit.com;0
35;0;0;6;3;179;45;14;30;271.219;95;0;1;1;0;0;1;77;175;25;cmuefnjs@esprit.com;0
